number,value,datetime_start,datetime_complete,duration,params_C,params_class_weight,state,fold,model,params_max_depth,params_max_features,params_min_samples_leaf,params_n_estimators,params_bagging_fraction,params_feature_fraction,params_lambda_l1,params_lambda_l2,params_learning_rate,params_min_child_samples,params_num_leaves
0,0.5266064342267812,2026-04-22 18:47:40.880473,2026-04-22 18:47:44.505093,0 days 00:00:03.624620,0.03148911647956861,balanced,COMPLETE,1,LR,,,,,,,,,,,
1,0.5240696338015907,2026-04-22 18:47:44.505178,2026-04-22 18:47:48.384102,0 days 00:00:03.878924,0.24810409748678125,balanced,COMPLETE,1,LR,,,,,,,,,,,
2,0.5259367238961509,2026-04-22 18:47:48.384168,2026-04-22 18:47:51.637717,0 days 00:00:03.253549,0.0017073967431528124,balanced,COMPLETE,1,LR,,,,,,,,,,,
3,0.523732098632112,2026-04-22 18:47:51.637769,2026-04-22 18:47:55.554768,0 days 00:00:03.916999,0.679657809075816,,COMPLETE,1,LR,,,,,,,,,,,
4,0.5234377300685986,2026-04-22 18:47:55.554820,2026-04-22 18:47:59.579161,0 days 00:00:04.024341,2.1368329072358767,balanced,COMPLETE,1,LR,,,,,,,,,,,
5,0.527786176227769,2026-04-22 18:47:59.579216,2026-04-22 18:48:02.878893,0 days 00:00:03.299677,0.00541524411940254,,COMPLETE,1,LR,,,,,,,,,,,
6,0.525196235000389,2026-04-22 18:48:02.878945,2026-04-22 18:48:06.551028,0 days 00:00:03.672083,0.05342937261279776,,COMPLETE,1,LR,,,,,,,,,,,
7,0.527319027252792,2026-04-22 18:48:06.551077,2026-04-22 18:48:09.798624,0 days 00:00:03.247547,0.003613894271216527,,COMPLETE,1,LR,,,,,,,,,,,
8,0.5249604543905115,2026-04-22 18:48:09.798673,2026-04-22 18:48:13.493567,0 days 00:00:03.694894,0.06672367170464207,balanced,COMPLETE,1,LR,,,,,,,,,,,
9,0.5247423711136784,2026-04-22 18:48:13.493615,2026-04-22 18:48:17.262824,0 days 00:00:03.769209,0.11400863701127326,balanced,COMPLETE,1,LR,,,,,,,,,,,
10,0.5277953131913838,2026-04-22 18:48:17.262871,2026-04-22 18:48:20.574307,0 days 00:00:03.311436,0.006768234018919038,,COMPLETE,1,LR,,,,,,,,,,,
11,0.5278908437867894,2026-04-22 18:48:20.574371,2026-04-22 18:48:23.929753,0 days 00:00:03.355382,0.00831923670199064,,COMPLETE,1,LR,,,,,,,,,,,
12,0.5277563462511913,2026-04-22 18:48:23.929806,2026-04-22 18:48:27.311449,0 days 00:00:03.381643,0.0117894243971473,,COMPLETE,1,LR,,,,,,,,,,,
13,0.5253396868052101,2026-04-22 18:48:27.311499,2026-04-22 18:48:30.475941,0 days 00:00:03.164442,0.001154460820484616,,COMPLETE,1,LR,,,,,,,,,,,
14,0.5280900073660241,2026-04-22 18:48:30.475992,2026-04-22 18:48:33.915511,0 days 00:00:03.439519,0.011821873238332621,,COMPLETE,1,LR,,,,,,,,,,,
15,0.5275760804757669,2026-04-22 18:48:33.915560,2026-04-22 18:48:37.327597,0 days 00:00:03.412037,0.015175320846797955,,COMPLETE,1,LR,,,,,,,,,,,
16,0.527245092891158,2026-04-22 18:48:37.327651,2026-04-22 18:48:40.818662,0 days 00:00:03.491011,0.01805149813307392,,COMPLETE,1,LR,,,,,,,,,,,
17,0.5270164617547457,2026-04-22 18:48:40.818710,2026-04-22 18:48:43.997859,0 days 00:00:03.179149,0.002962909098890855,,COMPLETE,1,LR,,,,,,,,,,,
18,0.5244030233412406,2026-04-22 18:48:43.997906,2026-04-22 18:48:47.780523,0 days 00:00:03.782617,0.1964101424424174,,COMPLETE,1,LR,,,,,,,,,,,
19,0.5236576698285743,2026-04-22 18:48:47.780571,2026-04-22 18:48:51.687291,0 days 00:00:03.906720,3.5092247138920856,,COMPLETE,1,LR,,,,,,,,,,,
20,0.5269105616316906,2026-04-22 18:48:51.687341,2026-04-22 18:48:55.180940,0 days 00:00:03.493599,0.028229050453271353,,COMPLETE,1,LR,,,,,,,,,,,
21,0.528014034545851,2026-04-22 18:48:55.180988,2026-04-22 18:48:58.478012,0 days 00:00:03.297024,0.007958045578331345,,COMPLETE,1,LR,,,,,,,,,,,
22,0.5277399098711733,2026-04-22 18:48:58.478060,2026-04-22 18:49:01.738220,0 days 00:00:03.260160,0.005945879926555552,,COMPLETE,1,LR,,,,,,,,,,,
23,0.5278419848801581,2026-04-22 18:49:01.738269,2026-04-22 18:49:05.079919,0 days 00:00:03.341650,0.010131609693057198,,COMPLETE,1,LR,,,,,,,,,,,
24,0.5262652092916363,2026-04-22 18:49:05.079966,2026-04-22 18:49:08.257014,0 days 00:00:03.177048,0.0022172603923705037,,COMPLETE,1,LR,,,,,,,,,,,
0,0.5114333751799097,2026-04-22 18:49:10.408300,2026-04-22 18:49:22.958320,0 days 00:00:12.550020,,,COMPLETE,1,RF,12.0,0.5993292420985183,38.0,350.0,,,,,,,
1,0.5300809217432451,2026-04-22 18:49:22.958379,2026-04-22 18:49:30.647627,0 days 00:00:07.689248,,,COMPLETE,1,RF,4.0,0.7330880728874676,7.0,250.0,,,,,,,
2,0.5145508367247547,2026-04-22 18:49:30.647684,2026-04-22 18:49:48.676782,0 days 00:00:18.029098,,,COMPLETE,1,RF,10.0,0.7849549260809972,5.0,450.0,,,,,,,
3,0.5247980486191565,2026-04-22 18:49:48.676839,2026-04-22 18:49:59.200016,0 days 00:00:10.523177,,,COMPLETE,1,RF,5.0,0.3917022549267169,13.0,550.0,,,,,,,
4,0.5181271504897108,2026-04-22 18:49:59.200069,2026-04-22 18:50:08.117899,0 days 00:00:08.917830,,,COMPLETE,1,RF,8.0,0.44561457009902095,24.0,300.0,,,,,,,
5,0.5267745435777698,2026-04-22 18:50:08.117951,2026-04-22 18:50:17.454399,0 days 00:00:09.336448,,,COMPLETE,1,RF,4.0,0.48318092164684584,18.0,450.0,,,,,,,
6,0.5142363923508008,2026-04-22 18:50:17.454453,2026-04-22 18:50:30.633661,0 days 00:00:13.179208,,,COMPLETE,1,RF,10.0,0.5571172192068058,14.0,400.0,,,,,,,
7,0.5276010447372731,2026-04-22 18:50:30.633715,2026-04-22 18:50:38.932111,0 days 00:00:08.298396,,,COMPLETE,1,RF,3.0,0.38526206184364575,32.0,450.0,,,,,,,
8,0.5136007533551138,2026-04-22 18:50:38.932167,2026-04-22 18:50:48.429732,0 days 00:00:09.497565,,,COMPLETE,1,RF,12.0,0.7041986740582306,49.0,200.0,,,,,,,
9,0.5279056403485036,2026-04-22 18:50:48.429786,2026-04-22 18:50:55.368184,0 days 00:00:06.938398,,,COMPLETE,1,RF,3.0,0.5200762468698006,36.0,300.0,,,,,,,
10,0.5241999432762962,2026-04-22 18:50:55.368236,2026-04-22 18:51:02.958246,0 days 00:00:07.590010,,,COMPLETE,1,RF,6.0,0.6598623811873665,5.0,200.0,,,,,,,
11,0.5293221477156097,2026-04-22 18:51:02.958300,2026-04-22 18:51:11.051285,0 days 00:00:08.092985,,,COMPLETE,1,RF,3.0,0.7880699499289976,41.0,300.0,,,,,,,
12,0.5236888978271634,2026-04-22 18:51:11.051339,2026-04-22 18:51:20.175974,0 days 00:00:09.124635,,,COMPLETE,1,RF,6.0,0.7838259493083981,47.0,250.0,,,,,,,
13,0.5272179201467798,2026-04-22 18:51:20.176026,2026-04-22 18:51:29.297844,0 days 00:00:09.121818,,,COMPLETE,1,RF,5.0,0.6930373854314629,42.0,300.0,,,,,,,
14,0.5289375454317348,2026-04-22 18:51:29.297896,2026-04-22 18:51:40.928639,0 days 00:00:11.630743,,,COMPLETE,1,RF,3.0,0.7425325067669205,27.0,600.0,,,,,,,
15,0.5199257011004533,2026-04-22 18:51:40.928690,2026-04-22 18:51:49.766590,0 days 00:00:08.837900,,,COMPLETE,1,RF,7.0,0.6263406001124906,21.0,250.0,,,,,,,
16,0.5298145916434848,2026-04-22 18:51:49.766644,2026-04-22 18:51:59.364360,0 days 00:00:09.597716,,,COMPLETE,1,RF,4.0,0.7980082658737176,33.0,350.0,,,,,,,
17,0.5212277294218929,2026-04-22 18:51:59.364416,2026-04-22 18:52:12.677815,0 days 00:00:13.313399,,,COMPLETE,1,RF,8.0,0.7225464540178554,31.0,400.0,,,,,,,
18,0.526348129253842,2026-04-22 18:52:12.677871,2026-04-22 18:52:22.451481,0 days 00:00:09.773610,,,COMPLETE,1,RF,5.0,0.6427523040644672,13.0,350.0,,,,,,,
19,0.5277791580613892,2026-04-22 18:52:22.451537,2026-04-22 18:52:33.116319,0 days 00:00:10.664782,,,COMPLETE,1,RF,4.0,0.5807161093298006,30.0,500.0,,,,,,,
0,0.49876980634224394,2026-04-22 18:52:37.350762,2026-04-22 18:52:46.152424,0 days 00:00:08.801662,,,COMPLETE,1,LGBM,,,,300.0,0.6545980821176709,0.6046065241548528,0.2904180608409973,4.330880728874676,0.03968793330444373,47.0,61.0
1,0.5038157124496214,2026-04-22 18:52:46.152479,2026-04-22 18:52:55.909237,0 days 00:00:09.756758,,,COMPLETE,1,LGBM,,,,400.0,0.6743186887373966,0.8413549242801477,0.9091248360355031,0.9170225492671691,0.09330606024425668,11.0,49.0
2,0.5110827804267919,2026-04-22 18:52:55.909299,2026-04-22 18:53:02.523337,0 days 00:00:06.614038,,,COMPLETE,1,LGBM,,,,250.0,0.6488228512282146,0.7641485131528328,1.4607232426760908,1.8318092164684585,0.019553708662745254,32.0,40.0
3,0.5030898225106716,2026-04-22 18:53:02.523389,2026-04-22 18:53:11.807093,0 days 00:00:09.283704,,,COMPLETE,1,LGBM,,,,350.0,0.6162576444519992,0.7573450991017149,3.0377242595071916,0.8526206184364576,0.032676417657817626,20.0,53.0
4,0.5031382597187375,2026-04-22 18:53:11.807148,2026-04-22 18:53:16.995904,0 days 00:00:05.188756,,,COMPLETE,1,LGBM,,,,100.0,0.6341852399022343,0.6566148192106798,3.4211651325607844,2.2007624686980067,0.06432759992849894,59.0,61.0
5,0.5060758515989916,2026-04-22 18:53:16.995955,2026-04-22 18:53:22.471501,0 days 00:00:05.475546,,,COMPLETE,1,LGBM,,,,150.0,0.8318827995238937,0.640572993560006,1.5585553804470549,2.600340105889054,0.08115595675970502,11.0,39.0
6,0.5034114214884349,2026-04-22 18:53:22.471562,2026-04-22 18:53:29.659248,0 days 00:00:07.187686,,,COMPLETE,1,LGBM,,,,400.0,0.913189572649677,0.8788246295474662,2.9894998940554256,4.609371175115584,0.05958443469672518,59.0,24.0
7,0.5191150225421199,2026-04-22 18:53:29.659316,2026-04-22 18:53:34.035812,0 days 00:00:04.376496,,,COMPLETE,1,LGBM,,,,100.0,0.6949721611208636,0.6860370513913188,4.143687545759647,1.7837666334679465,0.0211509720216856,12.0,24.0
8,0.5067579790044053,2026-04-22 18:53:34.035864,2026-04-22 18:53:40.981079,0 days 00:00:06.945215,,,COMPLETE,1,LGBM,,,,250.0,0.945410427810181,0.5760927252879199,3.861223846483287,0.993578407670862,0.0634157277549528,17.0,41.0
9,0.5058890485991472,2026-04-22 18:53:40.981131,2026-04-22 18:53:46.162515,0 days 00:00:05.181384,,,COMPLETE,1,LGBM,,,,100.0,0.6259156281069316,0.8199446213400811,1.7923286427213632,0.5793452976256486,0.05358055009231865,46.0,54.0
10,0.5149855950219524,2026-04-22 18:53:46.162568,2026-04-22 18:53:53.650559,0 days 00:00:07.487991,,,COMPLETE,1,LGBM,,,,600.0,0.7331025360881337,0.6971414028645392,4.854683575852504,3.3828618987138985,0.010422259339479684,28.0,15.0
11,0.5137442490977492,2026-04-22 18:53:53.650631,2026-04-22 18:54:00.985744,0 days 00:00:07.335113,,,COMPLETE,1,LGBM,,,,600.0,0.7393389120290317,0.7018104740806005,4.967337279906138,3.4055010480189933,0.01027067255388763,29.0,15.0
12,0.5087242515118645,2026-04-22 18:54:00.985811,2026-04-22 18:54:10.183352,0 days 00:00:09.197541,,,COMPLETE,1,LGBM,,,,600.0,0.735097517548724,0.7001687456573512,4.9847932584180255,3.2634060011249044,0.01638217781760186,24.0,25.0
13,0.5144341695061474,2026-04-22 18:54:10.183422,2026-04-22 18:54:16.865717,0 days 00:00:06.682295,,,COMPLETE,1,LGBM,,,,500.0,0.78023964490733,0.6554496299404322,4.049830638482714,3.545998644876469,0.010288496098068627,38.0,16.0
14,0.5067599748097034,2026-04-22 18:54:16.865781,2026-04-22 18:54:25.387950,0 days 00:00:08.522169,,,COMPLETE,1,LGBM,,,,500.0,0.7062062053109952,0.7411175725066022,4.324904285055905,1.7483218384404904,0.019481049981310512,25.0,28.0
15,0.5162303743198032,2026-04-22 18:54:25.388018,2026-04-22 18:54:31.014855,0 days 00:00:05.626837,,,COMPLETE,1,LGBM,,,,200.0,0.8057530987625031,0.7967244789105288,4.47768117255101,0.04279269997456536,0.01464051255581701,38.0,30.0
16,0.5145166548147541,2026-04-22 18:54:31.014917,2026-04-22 18:54:36.839492,0 days 00:00:05.824575,,,COMPLETE,1,LGBM,,,,200.0,0.8248267196488233,0.8163713216492079,2.224993919539197,0.08613366443855308,0.015108508202851086,39.0,32.0
17,0.5116462560248675,2026-04-22 18:54:36.839563,2026-04-22 18:54:42.185142,0 days 00:00:05.345579,,,COMPLETE,1,LGBM,,,,150.0,0.8425574531313258,0.7800008565146465,4.308719007935605,0.08851925553279494,0.0255470135074893,46.0,33.0
18,0.5146392825050112,2026-04-22 18:54:42.185207,2026-04-22 18:54:47.422325,0 days 00:00:05.237118,,,COMPLETE,1,LGBM,,,,200.0,0.7856508077282365,0.8989182013621889,3.693397083066964,1.4659107764196737,0.02606304133517303,53.0,21.0
19,0.5195418558742427,2026-04-22 18:54:47.422381,2026-04-22 18:54:52.099444,0 days 00:00:04.677063,,,COMPLETE,1,LGBM,,,,100.0,0.8894035588380431,0.7966213687559932,2.7106194289297085,2.414243232306961,0.013912791800082844,36.0,32.0
20,0.5162951649241304,2026-04-22 18:54:52.099508,2026-04-22 18:54:56.931269,0 days 00:00:04.831761,,,COMPLETE,1,LGBM,,,,100.0,0.8826716420529963,0.8547403500436589,2.5694057876825567,2.683783222376113,0.013045085229925639,18.0,37.0
21,0.515249634484969,2026-04-22 18:54:56.931323,2026-04-22 18:55:01.713355,0 days 00:00:04.782032,,,COMPLETE,1,LGBM,,,,100.0,0.8759028186065253,0.8592993822334606,2.5273561229433503,2.604936338387536,0.01364791406555617,16.0,35.0
22,0.5113895142934438,2026-04-22 18:55:01.713415,2026-04-22 18:55:07.423039,0 days 00:00:05.709624,,,COMPLETE,1,LGBM,,,,150.0,0.8775481798375899,0.8320668315742202,2.4474395438686747,2.8581796709960816,0.019878340693162987,16.0,44.0
23,0.5253962638017827,2026-04-22 18:55:07.423117,2026-04-22 18:55:11.879259,0 days 00:00:04.456142,,,COMPLETE,1,LGBM,,,,100.0,0.8794466098421228,0.7241346566921356,2.954981861676382,2.103499806896569,0.012367446761377628,21.0,21.0
24,0.5188727589007612,2026-04-22 18:55:11.879319,2026-04-22 18:55:16.650251,0 days 00:00:04.770932,,,COMPLETE,1,LGBM,,,,150.0,0.9068288267888365,0.7272356649744952,3.2399829651057876,2.1240630703633427,0.02549859552002724,22.0,21.0
0,0.5196675038746299,2026-04-22 18:55:22.858288,2026-04-22 18:55:27.396886,0 days 00:00:04.538598,0.03148911647956861,balanced,COMPLETE,2,LR,,,,,,,,,,,
1,0.5200482940550294,2026-04-22 18:55:27.396937,2026-04-22 18:55:32.162606,0 days 00:00:04.765669,0.24810409748678125,balanced,COMPLETE,2,LR,,,,,,,,,,,
2,0.5207491269936066,2026-04-22 18:55:32.162654,2026-04-22 18:55:36.348438,0 days 00:00:04.185784,0.0017073967431528124,balanced,COMPLETE,2,LR,,,,,,,,,,,
3,0.5199226415990804,2026-04-22 18:55:36.348489,2026-04-22 18:55:41.296411,0 days 00:00:04.947922,0.679657809075816,,COMPLETE,2,LR,,,,,,,,,,,
4,0.5200778797179912,2026-04-22 18:55:41.296462,2026-04-22 18:55:46.252483,0 days 00:00:04.956021,2.1368329072358767,balanced,COMPLETE,2,LR,,,,,,,,,,,
5,0.520945328953394,2026-04-22 18:55:46.252534,2026-04-22 18:55:50.388060,0 days 00:00:04.135526,0.00541524411940254,,COMPLETE,2,LR,,,,,,,,,,,
6,0.5196557212250931,2026-04-22 18:55:50.388111,2026-04-22 18:55:55.036392,0 days 00:00:04.648281,0.05342937261279776,,COMPLETE,2,LR,,,,,,,,,,,
7,0.5209200377736957,2026-04-22 18:55:55.036444,2026-04-22 18:55:59.259088,0 days 00:00:04.222644,0.003613894271216527,,COMPLETE,2,LR,,,,,,,,,,,
8,0.5198048790677059,2026-04-22 18:55:59.259136,2026-04-22 18:56:03.825158,0 days 00:00:04.566022,0.06672367170464207,balanced,COMPLETE,2,LR,,,,,,,,,,,
9,0.5199167697432862,2026-04-22 18:56:03.825209,2026-04-22 18:56:08.611597,0 days 00:00:04.786388,0.11400863701127326,balanced,COMPLETE,2,LR,,,,,,,,,,,
10,0.5210535751016495,2026-04-22 18:56:08.611648,2026-04-22 18:56:12.916256,0 days 00:00:04.304608,0.006768234018919038,,COMPLETE,2,LR,,,,,,,,,,,
11,0.5209374489603668,2026-04-22 18:56:12.916306,2026-04-22 18:56:17.284645,0 days 00:00:04.368339,0.00831923670199064,,COMPLETE,2,LR,,,,,,,,,,,
12,0.5207592014217476,2026-04-22 18:56:17.284695,2026-04-22 18:56:21.569305,0 days 00:00:04.284610,0.010288632136449467,,COMPLETE,2,LR,,,,,,,,,,,
13,0.5213491270878747,2026-04-22 18:56:21.569353,2026-04-22 18:56:25.590281,0 days 00:00:04.020928,0.001154460820484616,,COMPLETE,2,LR,,,,,,,,,,,
14,0.520977431709059,2026-04-22 18:56:25.590331,2026-04-22 18:56:29.780714,0 days 00:00:04.190383,0.0014364511132691664,,COMPLETE,2,LR,,,,,,,,,,,
15,0.5214444300588431,2026-04-22 18:56:29.780763,2026-04-22 18:56:33.779553,0 days 00:00:03.998790,0.0010832382162494463,,COMPLETE,2,LR,,,,,,,,,,,
16,0.5212354082608861,2026-04-22 18:56:33.779601,2026-04-22 18:56:37.858681,0 days 00:00:04.079080,0.0012413922782388456,,COMPLETE,2,LR,,,,,,,,,,,
17,0.5199262231544336,2026-04-22 18:56:37.858732,2026-04-22 18:56:42.798720,0 days 00:00:04.939988,6.718879980368311,,COMPLETE,2,LR,,,,,,,,,,,
18,0.5198312190270876,2026-04-22 18:56:42.798771,2026-04-22 18:56:47.393531,0 days 00:00:04.594760,0.026370608656541825,,COMPLETE,2,LR,,,,,,,,,,,
19,0.5205859370786675,2026-04-22 18:56:47.393582,2026-04-22 18:56:51.488473,0 days 00:00:04.094891,0.002726872163465427,,COMPLETE,2,LR,,,,,,,,,,,
20,0.5209928878661412,2026-04-22 18:56:51.488520,2026-04-22 18:56:55.981729,0 days 00:00:04.493209,0.013359327632074446,,COMPLETE,2,LR,,,,,,,,,,,
21,0.5213153321848348,2026-04-22 18:56:55.981779,2026-04-22 18:57:00.088258,0 days 00:00:04.106479,0.0011482038671004548,,COMPLETE,2,LR,,,,,,,,,,,
22,0.5212920180217291,2026-04-22 18:57:00.088313,2026-04-22 18:57:04.213378,0 days 00:00:04.125065,0.0011185669006275266,,COMPLETE,2,LR,,,,,,,,,,,
23,0.5205688825545449,2026-04-22 18:57:04.213429,2026-04-22 18:57:08.475972,0 days 00:00:04.262543,0.0026725434310447206,,COMPLETE,2,LR,,,,,,,,,,,
24,0.5207132016571846,2026-04-22 18:57:08.476021,2026-04-22 18:57:12.621896,0 days 00:00:04.145875,0.0030519573112022,,COMPLETE,2,LR,,,,,,,,,,,
0,0.5057644975169211,2026-04-22 18:57:14.743136,2026-04-22 18:57:30.422647,0 days 00:00:15.679511,,,COMPLETE,2,RF,12.0,0.5993292420985183,38.0,350.0,,,,,,,
1,0.5146405258949498,2026-04-22 18:57:30.422701,2026-04-22 18:57:39.546595,0 days 00:00:09.123894,,,COMPLETE,2,RF,4.0,0.7330880728874676,7.0,250.0,,,,,,,
2,0.5059276424835193,2026-04-22 18:57:39.546647,2026-04-22 18:58:01.863578,0 days 00:00:22.316931,,,COMPLETE,2,RF,10.0,0.7849549260809972,5.0,450.0,,,,,,,
3,0.5140370912531238,2026-04-22 18:58:01.863633,2026-04-22 18:58:14.150336,0 days 00:00:12.286703,,,COMPLETE,2,RF,5.0,0.3917022549267169,13.0,550.0,,,,,,,
4,0.5092632758009533,2026-04-22 18:58:14.150387,2026-04-22 18:58:24.875839,0 days 00:00:10.725452,,,COMPLETE,2,RF,8.0,0.44561457009902095,24.0,300.0,,,,,,,
5,0.5163434517662381,2026-04-22 18:58:24.875894,2026-04-22 18:58:35.884522,0 days 00:00:11.008628,,,COMPLETE,2,RF,4.0,0.48318092164684584,18.0,450.0,,,,,,,
6,0.5065390076464279,2026-04-22 18:58:35.884573,2026-04-22 18:58:52.233999,0 days 00:00:16.349426,,,COMPLETE,2,RF,10.0,0.5571172192068058,14.0,400.0,,,,,,,
7,0.5197400418009622,2026-04-22 18:58:52.234052,2026-04-22 18:59:02.089772,0 days 00:00:09.855720,,,COMPLETE,2,RF,3.0,0.38526206184364575,32.0,450.0,,,,,,,
8,0.505325895564355,2026-04-22 18:59:02.089825,2026-04-22 18:59:13.972578,0 days 00:00:11.882753,,,COMPLETE,2,RF,12.0,0.7041986740582306,49.0,200.0,,,,,,,
9,0.5184154615291277,2026-04-22 18:59:13.972633,2026-04-22 18:59:22.073662,0 days 00:00:08.101029,,,COMPLETE,2,RF,3.0,0.5200762468698006,36.0,300.0,,,,,,,
10,0.5150048575751945,2026-04-22 18:59:22.073715,2026-04-22 18:59:34.362034,0 days 00:00:12.288319,,,COMPLETE,2,RF,6.0,0.30898093780740987,31.0,600.0,,,,,,,
11,0.5212278135854441,2026-04-22 18:59:34.362086,2026-04-22 18:59:43.683606,0 days 00:00:09.321520,,,COMPLETE,2,RF,3.0,0.305461872819498,37.0,500.0,,,,,,,
12,0.521462543226269,2026-04-22 18:59:43.683660,2026-04-22 18:59:53.118280,0 days 00:00:09.434620,,,COMPLETE,2,RF,3.0,0.30466776314192306,44.0,500.0,,,,,,,
13,0.5132164246293902,2026-04-22 18:59:53.118332,2026-04-22 19:00:05.236128,0 days 00:00:12.117796,,,COMPLETE,2,RF,7.0,0.30541051898895144,47.0,550.0,,,,,,,
14,0.5155639539530329,2026-04-22 19:00:05.236182,2026-04-22 19:00:16.500602,0 days 00:00:11.264420,,,COMPLETE,2,RF,5.0,0.3720456338607967,42.0,500.0,,,,,,,
15,0.518065797349654,2026-04-22 19:00:16.500658,2026-04-22 19:00:29.318166,0 days 00:00:12.817508,,,COMPLETE,2,RF,3.0,0.6272791467709955,42.0,600.0,,,,,,,
16,0.5102998028115321,2026-04-22 19:00:29.318217,2026-04-22 19:00:42.382929,0 days 00:00:13.064712,,,COMPLETE,2,RF,8.0,0.3478716484923672,27.0,500.0,,,,,,,
17,0.5146177081386766,2026-04-22 19:00:42.382986,2026-04-22 19:00:52.833879,0 days 00:00:10.450893,,,COMPLETE,2,RF,5.0,0.4399954876351523,43.0,400.0,,,,,,,
18,0.5140931306179569,2026-04-22 19:00:52.833931,2026-04-22 19:01:05.447636,0 days 00:00:12.613705,,,COMPLETE,2,RF,6.0,0.41674562778328916,36.0,500.0,,,,,,,
19,0.5188087968906986,2026-04-22 19:01:05.447688,2026-04-22 19:01:15.811245,0 days 00:00:10.363557,,,COMPLETE,2,RF,4.0,0.3008441261515282,50.0,550.0,,,,,,,
0,0.5017342762681494,2026-04-22 19:01:20.095111,2026-04-22 19:01:29.832779,0 days 00:00:09.737668,,,COMPLETE,2,LGBM,,,,300.0,0.6545980821176709,0.6046065241548528,0.2904180608409973,4.330880728874676,0.03968793330444373,47.0,61.0
1,0.5051359723424622,2026-04-22 19:01:29.832832,2026-04-22 19:01:40.722307,0 days 00:00:10.889475,,,COMPLETE,2,LGBM,,,,400.0,0.6743186887373966,0.8413549242801477,0.9091248360355031,0.9170225492671691,0.09330606024425668,11.0,49.0
2,0.5045446033353495,2026-04-22 19:01:40.722358,2026-04-22 19:01:48.461957,0 days 00:00:07.739599,,,COMPLETE,2,LGBM,,,,250.0,0.6488228512282146,0.7641485131528328,1.4607232426760908,1.8318092164684585,0.019553708662745254,32.0,40.0
3,0.503104249675419,2026-04-22 19:01:48.462007,2026-04-22 19:01:58.727283,0 days 00:00:10.265276,,,COMPLETE,2,LGBM,,,,350.0,0.6162576444519992,0.7573450991017149,3.0377242595071916,0.8526206184364576,0.032676417657817626,20.0,53.0
4,0.49508463026475624,2026-04-22 19:01:58.727343,2026-04-22 19:02:04.778001,0 days 00:00:06.050658,,,COMPLETE,2,LGBM,,,,100.0,0.6341852399022343,0.6566148192106798,3.4211651325607844,2.2007624686980067,0.06432759992849894,59.0,61.0
5,0.5067399439017289,2026-04-22 19:02:04.778053,2026-04-22 19:02:11.035955,0 days 00:00:06.257902,,,COMPLETE,2,LGBM,,,,150.0,0.8318827995238937,0.640572993560006,1.5585553804470549,2.600340105889054,0.08115595675970502,11.0,39.0
6,0.5044702648632436,2026-04-22 19:02:11.036008,2026-04-22 19:02:19.260031,0 days 00:00:08.224023,,,COMPLETE,2,LGBM,,,,400.0,0.913189572649677,0.8788246295474662,2.9894998940554256,4.609371175115584,0.05958443469672518,59.0,24.0
7,0.5118576456145237,2026-04-22 19:02:19.260084,2026-04-22 19:02:24.419962,0 days 00:00:05.159878,,,COMPLETE,2,LGBM,,,,100.0,0.6949721611208636,0.6860370513913188,4.143687545759647,1.7837666334679465,0.0211509720216856,12.0,24.0
8,0.5007988130785147,2026-04-22 19:02:24.420022,2026-04-22 19:02:32.277490,0 days 00:00:07.857468,,,COMPLETE,2,LGBM,,,,250.0,0.945410427810181,0.5760927252879199,3.861223846483287,0.993578407670862,0.0634157277549528,17.0,41.0
9,0.4996501464772353,2026-04-22 19:02:32.277542,2026-04-22 19:02:38.124603,0 days 00:00:05.847061,,,COMPLETE,2,LGBM,,,,100.0,0.6259156281069316,0.8199446213400811,1.7923286427213632,0.5793452976256486,0.05358055009231865,46.0,54.0
10,0.509498089428543,2026-04-22 19:02:38.124655,2026-04-22 19:02:46.530601,0 days 00:00:08.405946,,,COMPLETE,2,LGBM,,,,600.0,0.7331025360881337,0.6971414028645392,4.854683575852504,3.3828618987138985,0.010422259339479684,28.0,15.0
11,0.5115760987629422,2026-04-22 19:02:46.530655,2026-04-22 19:02:55.020457,0 days 00:00:08.489802,,,COMPLETE,2,LGBM,,,,600.0,0.7393389120290317,0.7018104740806005,4.967337279906138,3.4055010480189933,0.01027067255388763,29.0,15.0
12,0.5077512043423643,2026-04-22 19:02:55.020517,2026-04-22 19:03:05.402939,0 days 00:00:10.382422,,,COMPLETE,2,LGBM,,,,600.0,0.7572526811630885,0.7041223199259428,4.985873910170321,3.3840902904780745,0.010102900807685354,24.0,25.0
13,0.5100791843626138,2026-04-22 19:03:05.402995,2026-04-22 19:03:13.065018,0 days 00:00:07.662023,,,COMPLETE,2,LGBM,,,,500.0,0.7114672002346705,0.7562681636183285,4.318657440732999,3.211815706934091,0.016870929540691908,39.0,16.0
14,0.5027229915936237,2026-04-22 19:03:13.065079,2026-04-22 19:03:22.642333,0 days 00:00:09.577254,,,COMPLETE,2,LGBM,,,,500.0,0.8043764365556217,0.6658194946323852,4.18045345426141,1.7483218384404904,0.019605347470357446,35.0,28.0
15,0.5081765374618156,2026-04-22 19:03:22.642393,2026-04-22 19:03:29.145565,0 days 00:00:06.503172,,,COMPLETE,2,LGBM,,,,200.0,0.7025441520035239,0.7230556752351577,4.47768117255101,0.04279269997456536,0.01464051255581701,16.0,30.0
16,0.5045295922506429,2026-04-22 19:03:29.145618,2026-04-22 19:03:37.164016,0 days 00:00:08.018398,,,COMPLETE,2,LGBM,,,,500.0,0.853529334774082,0.5554286336979796,3.605882450661725,3.860471080152106,0.02515882396537294,26.0,19.0
17,0.5080688341029914,2026-04-22 19:03:37.164068,2026-04-22 19:03:44.819309,0 days 00:00:07.655241,,,COMPLETE,2,LGBM,,,,400.0,0.7793044940106066,0.6212175581093218,2.7829110804109005,2.6376441312875842,0.01306397654430117,42.0,21.0
18,0.5033065054662953,2026-04-22 19:03:44.819359,2026-04-22 19:03:56.155372,0 days 00:00:11.336013,,,COMPLETE,2,LGBM,,,,550.0,0.6879086026569458,0.8012477987617259,4.996380896235723,1.5765511872759865,0.02512432639844527,22.0,36.0
19,0.509132962578979,2026-04-22 19:03:56.155432,2026-04-22 19:04:02.774053,0 days 00:00:06.618621,,,COMPLETE,2,LGBM,,,,200.0,0.7652429013116168,0.6696533072530343,2.210544240317544,2.9117370832630765,0.01281997107930735,31.0,32.0
20,0.5057082324860523,2026-04-22 19:04:02.774117,2026-04-22 19:04:10.699602,0 days 00:00:07.925485,,,COMPLETE,2,LGBM,,,,450.0,0.7250807526032625,0.7011502250998869,3.8881477166917455,3.9931321835336355,0.025174812094536456,52.0,21.0
21,0.5089269579215115,2026-04-22 19:04:10.699658,2026-04-22 19:04:18.785724,0 days 00:00:08.086066,,,COMPLETE,2,LGBM,,,,550.0,0.7165485764752344,0.7545158956089093,4.289696122890229,3.5143416600398494,0.017338364263749517,40.0,16.0
22,0.5080463630649832,2026-04-22 19:04:18.785786,2026-04-22 19:04:26.436012,0 days 00:00:07.650226,,,COMPLETE,2,LGBM,,,,500.0,0.7496062147607023,0.7896140219352956,4.370758204210595,3.1061607709630303,0.01566836420990977,36.0,15.0
23,0.5051572530844952,2026-04-22 19:04:26.436070,2026-04-22 19:04:36.231003,0 days 00:00:09.794933,,,COMPLETE,2,LGBM,,,,600.0,0.6807203053882882,0.7199937552893766,3.3732756402588486,4.947306277660574,0.021059084407329235,40.0,24.0
24,0.5072070363068594,2026-04-22 19:04:36.231054,2026-04-22 19:04:44.899095,0 days 00:00:08.668041,,,COMPLETE,2,LGBM,,,,550.0,0.7994669164704091,0.6812676674941376,4.505746513728619,3.8638730277589852,0.012016138349698616,51.0,19.0
0,0.5334666130606547,2026-04-22 19:04:52.146853,2026-04-22 19:04:57.484030,0 days 00:00:05.337177,0.03148911647956861,balanced,COMPLETE,3,LR,,,,,,,,,,,
1,0.5329625669911567,2026-04-22 19:04:57.484083,2026-04-22 19:05:02.919365,0 days 00:00:05.435282,0.24810409748678125,balanced,COMPLETE,3,LR,,,,,,,,,,,
2,0.5302205351141889,2026-04-22 19:05:02.919415,2026-04-22 19:05:07.850284,0 days 00:00:04.930869,0.0017073967431528124,balanced,COMPLETE,3,LR,,,,,,,,,,,
3,0.533052841565998,2026-04-22 19:05:07.850335,2026-04-22 19:05:13.457863,0 days 00:00:05.607528,0.679657809075816,,COMPLETE,3,LR,,,,,,,,,,,
4,0.533447711789247,2026-04-22 19:05:13.457914,2026-04-22 19:05:18.966453,0 days 00:00:05.508539,2.1368329072358767,balanced,COMPLETE,3,LR,,,,,,,,,,,
5,0.5325273876552932,2026-04-22 19:05:18.966501,2026-04-22 19:05:23.948670,0 days 00:00:04.982169,0.00541524411940254,,COMPLETE,3,LR,,,,,,,,,,,
6,0.5332452118023245,2026-04-22 19:05:23.948719,2026-04-22 19:05:29.336627,0 days 00:00:05.387908,0.05342937261279776,,COMPLETE,3,LR,,,,,,,,,,,
7,0.5316868628307483,2026-04-22 19:05:29.336678,2026-04-22 19:05:34.293428,0 days 00:00:04.956750,0.003613894271216527,,COMPLETE,3,LR,,,,,,,,,,,
8,0.5332952705300446,2026-04-22 19:05:34.293479,2026-04-22 19:05:39.780838,0 days 00:00:05.487359,0.06672367170464207,balanced,COMPLETE,3,LR,,,,,,,,,,,
9,0.5331435785955576,2026-04-22 19:05:39.780888,2026-04-22 19:05:45.311078,0 days 00:00:05.530190,0.11400863701127326,balanced,COMPLETE,3,LR,,,,,,,,,,,
10,0.5335929993117271,2026-04-22 19:05:45.311128,2026-04-22 19:05:50.628650,0 days 00:00:05.317522,0.017594678649531834,balanced,COMPLETE,3,LR,,,,,,,,,,,
11,0.5337161116563921,2026-04-22 19:05:50.628702,2026-04-22 19:05:55.991297,0 days 00:00:05.362595,0.015578341416937709,balanced,COMPLETE,3,LR,,,,,,,,,,,
12,0.5335613357852736,2026-04-22 19:05:55.991348,2026-04-22 19:06:01.336265,0 days 00:00:05.344917,0.021206551805691223,balanced,COMPLETE,3,LR,,,,,,,,,,,
13,0.5336105888184316,2026-04-22 19:06:01.336315,2026-04-22 19:06:06.542023,0 days 00:00:05.205708,0.010386801052314333,balanced,COMPLETE,3,LR,,,,,,,,,,,
14,0.5334296143108759,2026-04-22 19:06:06.542074,2026-04-22 19:06:11.727426,0 days 00:00:05.185352,0.008581601191060469,balanced,COMPLETE,3,LR,,,,,,,,,,,
15,0.5296166320311977,2026-04-22 19:06:11.727478,2026-04-22 19:06:16.666389,0 days 00:00:04.938911,0.0012286619104584905,balanced,COMPLETE,3,LR,,,,,,,,,,,
16,0.5328015928249952,2026-04-22 19:06:16.666441,2026-04-22 19:06:22.238257,0 days 00:00:05.571816,0.25044883013543934,balanced,COMPLETE,3,LR,,,,,,,,,,,
17,0.5336451500332601,2026-04-22 19:06:22.238306,2026-04-22 19:06:27.433034,0 days 00:00:05.194728,0.010012101730296036,balanced,COMPLETE,3,LR,,,,,,,,,,,
18,0.533494153909876,2026-04-22 19:06:27.433087,2026-04-22 19:06:33.126952,0 days 00:00:05.693865,4.596466958585464,,COMPLETE,3,LR,,,,,,,,,,,
19,0.5319114864978055,2026-04-22 19:06:33.127003,2026-04-22 19:06:38.143854,0 days 00:00:05.016851,0.003970613001203655,balanced,COMPLETE,3,LR,,,,,,,,,,,
20,0.5329507095190957,2026-04-22 19:06:38.143904,2026-04-22 19:06:43.684596,0 days 00:00:05.540692,0.1726868595518338,balanced,COMPLETE,3,LR,,,,,,,,,,,
21,0.5338491215603808,2026-04-22 19:06:43.684646,2026-04-22 19:06:48.854587,0 days 00:00:05.169941,0.013866013766784386,balanced,COMPLETE,3,LR,,,,,,,,,,,
22,0.5335334304625058,2026-04-22 19:06:48.854639,2026-04-22 19:06:54.351605,0 days 00:00:05.496966,0.029417847631465554,balanced,COMPLETE,3,LR,,,,,,,,,,,
23,0.5337900841599611,2026-04-22 19:06:54.351656,2026-04-22 19:06:59.668741,0 days 00:00:05.317085,0.012721675493692892,balanced,COMPLETE,3,LR,,,,,,,,,,,
24,0.5311163047094379,2026-04-22 19:06:59.668794,2026-04-22 19:07:04.487278,0 days 00:00:04.818484,0.002763453036862386,balanced,COMPLETE,3,LR,,,,,,,,,,,
0,0.5189210616955898,2026-04-22 19:07:06.808369,2026-04-22 19:07:25.179689,0 days 00:00:18.371320,,,COMPLETE,3,RF,12.0,0.5993292420985183,38.0,350.0,,,,,,,
1,0.5267392140118775,2026-04-22 19:07:25.179744,2026-04-22 19:07:35.675021,0 days 00:00:10.495277,,,COMPLETE,3,RF,4.0,0.7330880728874676,7.0,250.0,,,,,,,
2,0.5183428208287836,2026-04-22 19:07:35.675076,2026-04-22 19:08:02.516502,0 days 00:00:26.841426,,,COMPLETE,3,RF,10.0,0.7849549260809972,5.0,450.0,,,,,,,
3,0.522855703397854,2026-04-22 19:08:02.516559,2026-04-22 19:08:16.534001,0 days 00:00:14.017442,,,COMPLETE,3,RF,5.0,0.3917022549267169,13.0,550.0,,,,,,,
4,0.5185924175865085,2026-04-22 19:08:16.534056,2026-04-22 19:08:29.014519,0 days 00:00:12.480463,,,COMPLETE,3,RF,8.0,0.44561457009902095,24.0,300.0,,,,,,,
5,0.5257602650678027,2026-04-22 19:08:29.014571,2026-04-22 19:08:41.633318,0 days 00:00:12.618747,,,COMPLETE,3,RF,4.0,0.48318092164684584,18.0,450.0,,,,,,,
6,0.517919834262076,2026-04-22 19:08:41.633374,2026-04-22 19:09:00.493885,0 days 00:00:18.860511,,,COMPLETE,3,RF,10.0,0.5571172192068058,14.0,400.0,,,,,,,
7,0.5269292150886181,2026-04-22 19:09:00.493939,2026-04-22 19:09:11.042453,0 days 00:00:10.548514,,,COMPLETE,3,RF,3.0,0.38526206184364575,32.0,450.0,,,,,,,
8,0.5188134612764863,2026-04-22 19:09:11.042510,2026-04-22 19:09:25.408574,0 days 00:00:14.366064,,,COMPLETE,3,RF,12.0,0.7041986740582306,49.0,200.0,,,,,,,
9,0.5272963370240825,2026-04-22 19:09:25.408629,2026-04-22 19:09:34.991173,0 days 00:00:09.582544,,,COMPLETE,3,RF,3.0,0.5200762468698006,36.0,300.0,,,,,,,
10,0.5231132841824271,2026-04-22 19:09:34.991225,2026-04-22 19:09:49.402042,0 days 00:00:14.410817,,,COMPLETE,3,RF,6.0,0.30898093780740987,44.0,600.0,,,,,,,
11,0.5254316126747237,2026-04-22 19:09:49.402096,2026-04-22 19:09:59.973000,0 days 00:00:10.570904,,,COMPLETE,3,RF,3.0,0.305461872819498,31.0,500.0,,,,,,,
12,0.5277640427030023,2026-04-22 19:09:59.973052,2026-04-22 19:10:10.600824,0 days 00:00:10.627772,,,COMPLETE,3,RF,3.0,0.6087272364965106,34.0,350.0,,,,,,,
13,0.5229125358201726,2026-04-22 19:10:10.600883,2026-04-22 19:10:24.470572,0 days 00:00:13.869689,,,COMPLETE,3,RF,7.0,0.6351113860768745,38.0,300.0,,,,,,,
14,0.5245941810478714,2026-04-22 19:10:24.470629,2026-04-22 19:10:36.430289,0 days 00:00:11.959660,,,COMPLETE,3,RF,5.0,0.5000205298982048,25.0,350.0,,,,,,,
15,0.5291754493487502,2026-04-22 19:10:36.430344,2026-04-22 19:10:44.803310,0 days 00:00:08.372966,,,COMPLETE,3,RF,3.0,0.6476822860057491,38.0,200.0,,,,,,,
16,0.5221767932136784,2026-04-22 19:10:44.803363,2026-04-22 19:10:57.003736,0 days 00:00:12.200373,,,COMPLETE,3,RF,8.0,0.6559889011067058,50.0,200.0,,,,,,,
17,0.5257259236402764,2026-04-22 19:10:57.003791,2026-04-22 19:11:07.686723,0 days 00:00:10.682932,,,COMPLETE,3,RF,5.0,0.5871734730137789,43.0,250.0,,,,,,,
18,0.5248919307095153,2026-04-22 19:11:07.686812,2026-04-22 19:11:18.630557,0 days 00:00:10.943745,,,COMPLETE,3,RF,6.0,0.6698373281326785,30.0,200.0,,,,,,,
19,0.5271632235231095,2026-04-22 19:11:18.630608,2026-04-22 19:11:32.093903,0 days 00:00:13.463295,,,COMPLETE,3,RF,4.0,0.7980084946806068,43.0,350.0,,,,,,,
0,0.5152327475570341,2026-04-22 19:11:35.905404,2026-04-22 19:11:46.625097,0 days 00:00:10.719693,,,COMPLETE,3,LGBM,,,,300.0,0.6545980821176709,0.6046065241548528,0.2904180608409973,4.330880728874676,0.03968793330444373,47.0,61.0
1,0.5203099540416786,2026-04-22 19:11:46.625159,2026-04-22 19:11:58.292572,0 days 00:00:11.667413,,,COMPLETE,3,LGBM,,,,400.0,0.6743186887373966,0.8413549242801477,0.9091248360355031,0.9170225492671691,0.09330606024425668,11.0,49.0
2,0.5202552611315886,2026-04-22 19:11:58.292632,2026-04-22 19:12:06.951213,0 days 00:00:08.658581,,,COMPLETE,3,LGBM,,,,250.0,0.6488228512282146,0.7641485131528328,1.4607232426760908,1.8318092164684585,0.019553708662745254,32.0,40.0
3,0.5193871552325335,2026-04-22 19:12:06.951263,2026-04-22 19:12:18.045527,0 days 00:00:11.094264,,,COMPLETE,3,LGBM,,,,350.0,0.6162576444519992,0.7573450991017149,3.0377242595071916,0.8526206184364576,0.032676417657817626,20.0,53.0
4,0.5182592758472169,2026-04-22 19:12:18.045586,2026-04-22 19:12:25.057979,0 days 00:00:07.012393,,,COMPLETE,3,LGBM,,,,100.0,0.6341852399022343,0.6566148192106798,3.4211651325607844,2.2007624686980067,0.06432759992849894,59.0,61.0
5,0.5183517476947722,2026-04-22 19:12:25.058031,2026-04-22 19:12:32.115387,0 days 00:00:07.057356,,,COMPLETE,3,LGBM,,,,150.0,0.8318827995238937,0.640572993560006,1.5585553804470549,2.600340105889054,0.08115595675970502,11.0,39.0
6,0.5153546678831405,2026-04-22 19:12:32.115445,2026-04-22 19:12:41.154631,0 days 00:00:09.039186,,,COMPLETE,3,LGBM,,,,400.0,0.913189572649677,0.8788246295474662,2.9894998940554256,4.609371175115584,0.05958443469672518,59.0,24.0
7,0.5243110511648762,2026-04-22 19:12:41.154685,2026-04-22 19:12:47.271182,0 days 00:00:06.116497,,,COMPLETE,3,LGBM,,,,100.0,0.6949721611208636,0.6860370513913188,4.143687545759647,1.7837666334679465,0.0211509720216856,12.0,24.0
8,0.5172071760611646,2026-04-22 19:12:47.271242,2026-04-22 19:12:55.982645,0 days 00:00:08.711403,,,COMPLETE,3,LGBM,,,,250.0,0.945410427810181,0.5760927252879199,3.861223846483287,0.993578407670862,0.0634157277549528,17.0,41.0
9,0.5204118609326904,2026-04-22 19:12:55.982705,2026-04-22 19:13:02.718033,0 days 00:00:06.735328,,,COMPLETE,3,LGBM,,,,100.0,0.6259156281069316,0.8199446213400811,1.7923286427213632,0.5793452976256486,0.05358055009231865,46.0,54.0
10,0.5217515994852714,2026-04-22 19:13:02.718091,2026-04-22 19:13:12.247953,0 days 00:00:09.529862,,,COMPLETE,3,LGBM,,,,600.0,0.7331025360881337,0.6971414028645392,4.854683575852504,3.3828618987138985,0.010422259339479684,28.0,15.0
11,0.5207516473422799,2026-04-22 19:13:12.248016,2026-04-22 19:13:21.806838,0 days 00:00:09.558822,,,COMPLETE,3,LGBM,,,,600.0,0.7393389120290317,0.7018104740806005,4.967337279906138,3.4055010480189933,0.01027067255388763,29.0,15.0
12,0.5177178713193852,2026-04-22 19:13:21.806895,2026-04-22 19:13:32.949132,0 days 00:00:11.142237,,,COMPLETE,3,LGBM,,,,600.0,0.735097517548724,0.7001687456573512,4.9847932584180255,3.2634060011249044,0.01638217781760186,24.0,25.0
13,0.5246932125691061,2026-04-22 19:13:32.949184,2026-04-22 19:13:41.549821,0 days 00:00:08.600637,,,COMPLETE,3,LGBM,,,,500.0,0.78023964490733,0.6554496299404322,4.049830638482714,3.545998644876469,0.010288496098068627,38.0,16.0
14,0.519640390950796,2026-04-22 19:13:41.549884,2026-04-22 19:13:51.986765,0 days 00:00:10.436881,,,COMPLETE,3,LGBM,,,,500.0,0.8141269535691532,0.554599110501233,4.040330172235821,1.7483218384404904,0.019590536660240205,41.0,27.0
15,0.5203232313629488,2026-04-22 19:13:51.986821,2026-04-22 19:14:02.722250,0 days 00:00:10.735429,,,COMPLETE,3,LGBM,,,,500.0,0.7962619103995721,0.6400455111900795,4.1571279571062005,0.04279269997456536,0.01464051255581701,38.0,30.0
16,0.5175458204809932,2026-04-22 19:14:02.722302,2026-04-22 19:14:12.032856,0 days 00:00:09.310554,,,COMPLETE,3,LGBM,,,,500.0,0.6921196149631471,0.7446074638416061,2.712740946196698,3.949517527499891,0.02514075113990789,49.0,20.0
17,0.5221325428176745,2026-04-22 19:14:12.032917,2026-04-22 19:14:19.321909,0 days 00:00:07.288992,,,COMPLETE,3,LGBM,,,,200.0,0.8544376631258156,0.6652265851213939,2.1105480159541012,2.7514703316421474,0.013061390222944369,35.0,30.0
18,0.5201851270061276,2026-04-22 19:14:19.321959,2026-04-22 19:14:27.571649,0 days 00:00:08.249690,,,COMPLETE,3,LGBM,,,,400.0,0.765799160520169,0.6116916953343207,4.4017053091750125,1.5765511872759865,0.025106332203505322,53.0,20.0
19,0.5204459072535627,2026-04-22 19:14:27.571703,2026-04-22 19:14:38.179684,0 days 00:00:10.607981,,,COMPLETE,3,LGBM,,,,450.0,0.6999658434316015,0.8130388449486567,3.492677312511935,3.8655930019445552,0.03994975311509572,42.0,32.0
20,0.52120805472655,2026-04-22 19:14:38.179744,2026-04-22 19:14:47.367948,0 days 00:00:09.188204,,,COMPLETE,3,LGBM,,,,300.0,0.889869756248953,0.7866384914064727,3.4633387331486736,2.9111046405876935,0.012538317193777343,17.0,34.0
21,0.5216590340079611,2026-04-22 19:14:47.368009,2026-04-22 19:14:54.221219,0 days 00:00:06.853210,,,COMPLETE,3,LGBM,,,,200.0,0.8546380419374455,0.6709170398666205,2.0208437711808127,2.413140019168406,0.013778142922865347,38.0,20.0
22,0.5207064936302013,2026-04-22 19:14:54.221281,2026-04-22 19:15:01.123238,0 days 00:00:06.901957,,,COMPLETE,3,LGBM,,,,150.0,0.863692154276286,0.675222318805493,2.3918832430436927,2.8651045370206853,0.017739639246790825,32.0,35.0
23,0.5221325290381887,2026-04-22 19:15:01.123303,2026-04-22 19:15:07.657389,0 days 00:00:06.534086,,,COMPLETE,3,LGBM,,,,150.0,0.777537748547744,0.612608692936182,2.1774582834198766,4.947306277660574,0.012119020907184093,25.0,23.0
24,0.5211863994680579,2026-04-22 19:15:07.657441,2026-04-22 19:15:15.073749,0 days 00:00:07.416308,,,COMPLETE,3,LGBM,,,,200.0,0.8414766718122477,0.7272356649744952,4.447782097330527,1.367861393932243,0.023168525916459907,33.0,29.0
0,0.5178444808943216,2026-04-22 19:15:23.985948,2026-04-22 19:15:29.943618,0 days 00:00:05.957670,0.03148911647956861,balanced,COMPLETE,4,LR,,,,,,,,,,,
1,0.5184279493194882,2026-04-22 19:15:29.943685,2026-04-22 19:15:36.203259,0 days 00:00:06.259574,0.24810409748678125,balanced,COMPLETE,4,LR,,,,,,,,,,,
2,0.5128957363701608,2026-04-22 19:15:36.203310,2026-04-22 19:15:41.981300,0 days 00:00:05.777990,0.0017073967431528124,balanced,COMPLETE,4,LR,,,,,,,,,,,
3,0.5185825145376101,2026-04-22 19:15:41.981350,2026-04-22 19:15:48.208436,0 days 00:00:06.227086,0.679657809075816,,COMPLETE,4,LR,,,,,,,,,,,
4,0.5184560622685813,2026-04-22 19:15:48.208487,2026-04-22 19:15:54.400935,0 days 00:00:06.192448,2.1368329072358767,balanced,COMPLETE,4,LR,,,,,,,,,,,
5,0.5147651320870209,2026-04-22 19:15:54.400984,2026-04-22 19:16:00.090607,0 days 00:00:05.689623,0.00541524411940254,,COMPLETE,4,LR,,,,,,,,,,,
6,0.5178747219152583,2026-04-22 19:16:00.090657,2026-04-22 19:16:06.206137,0 days 00:00:06.115480,0.05342937261279776,,COMPLETE,4,LR,,,,,,,,,,,
7,0.5138241029037343,2026-04-22 19:16:06.206187,2026-04-22 19:16:12.068587,0 days 00:00:05.862400,0.003613894271216527,,COMPLETE,4,LR,,,,,,,,,,,
8,0.5177798445303795,2026-04-22 19:16:12.068639,2026-04-22 19:16:18.311859,0 days 00:00:06.243220,0.06672367170464207,balanced,COMPLETE,4,LR,,,,,,,,,,,
9,0.5180146553666843,2026-04-22 19:16:18.311910,2026-04-22 19:16:24.433840,0 days 00:00:06.121930,0.11400863701127326,balanced,COMPLETE,4,LR,,,,,,,,,,,
10,0.5185400651045171,2026-04-22 19:16:24.433890,2026-04-22 19:16:30.774979,0 days 00:00:06.341089,7.443070276210447,,COMPLETE,4,LR,,,,,,,,,,,
11,0.5185892347644848,2026-04-22 19:16:30.775029,2026-04-22 19:16:37.156714,0 days 00:00:06.381685,7.553503645583182,,COMPLETE,4,LR,,,,,,,,,,,
12,0.5186732376004205,2026-04-22 19:16:37.156766,2026-04-22 19:16:43.316241,0 days 00:00:06.159475,0.9143312815400293,,COMPLETE,4,LR,,,,,,,,,,,
13,0.5186261960122965,2026-04-22 19:16:43.316292,2026-04-22 19:16:49.597509,0 days 00:00:06.281217,8.663354859262725,,COMPLETE,4,LR,,,,,,,,,,,
14,0.5186698774869831,2026-04-22 19:16:49.597561,2026-04-22 19:16:55.715086,0 days 00:00:06.117525,1.363071020486355,,COMPLETE,4,LR,,,,,,,,,,,
15,0.5183305060298027,2026-04-22 19:16:55.715136,2026-04-22 19:17:02.012473,0 days 00:00:06.297337,1.0402774000716157,,COMPLETE,4,LR,,,,,,,,,,,
16,0.5183473065969899,2026-04-22 19:17:02.012523,2026-04-22 19:17:08.294118,0 days 00:00:06.281595,0.3036763117616205,,COMPLETE,4,LR,,,,,,,,,,,
17,0.5185858746510474,2026-04-22 19:17:08.294167,2026-04-22 19:17:14.524594,0 days 00:00:06.230427,2.2984901137373104,,COMPLETE,4,LR,,,,,,,,,,,
18,0.5187269994154194,2026-04-22 19:17:14.524644,2026-04-22 19:17:20.788131,0 days 00:00:06.263487,2.3605616638531703,,COMPLETE,4,LR,,,,,,,,,,,
19,0.5185354729494859,2026-04-22 19:17:20.788183,2026-04-22 19:17:26.947261,0 days 00:00:06.159078,0.39891314256297483,,COMPLETE,4,LR,,,,,,,,,,,
20,0.5187135589616697,2026-04-22 19:17:26.947311,2026-04-22 19:17:33.225928,0 days 00:00:06.278617,3.5603352151774135,,COMPLETE,4,LR,,,,,,,,,,,
21,0.5188052900585115,2026-04-22 19:17:33.225978,2026-04-22 19:17:39.442661,0 days 00:00:06.216683,4.373762976493181,,COMPLETE,4,LR,,,,,,,,,,,
22,0.5183485386385837,2026-04-22 19:17:39.442712,2026-04-22 19:17:45.540683,0 days 00:00:06.097971,3.401301215306859,,COMPLETE,4,LR,,,,,,,,,,,
23,0.5183909880716765,2026-04-22 19:17:45.540732,2026-04-22 19:17:51.727788,0 days 00:00:06.187056,3.568427228454878,,COMPLETE,4,LR,,,,,,,,,,,
24,0.5183819157653954,2026-04-22 19:17:51.727838,2026-04-22 19:17:57.945912,0 days 00:00:06.218074,4.813723539836466,,COMPLETE,4,LR,,,,,,,,,,,
0,0.5111371497275484,2026-04-22 19:18:00.277123,2026-04-22 19:18:22.282450,0 days 00:00:22.005327,,,COMPLETE,4,RF,12.0,0.5993292420985183,38.0,350.0,,,,,,,
1,0.5099738416865923,2026-04-22 19:18:22.282505,2026-04-22 19:18:34.329185,0 days 00:00:12.046680,,,COMPLETE,4,RF,4.0,0.7330880728874676,7.0,250.0,,,,,,,
2,0.5119132754042989,2026-04-22 19:18:34.329236,2026-04-22 19:19:05.365721,0 days 00:00:31.036485,,,COMPLETE,4,RF,10.0,0.7849549260809972,5.0,450.0,,,,,,,
3,0.510178739028169,2026-04-22 19:19:05.365774,2026-04-22 19:19:21.071246,0 days 00:00:15.705472,,,COMPLETE,4,RF,5.0,0.3917022549267169,13.0,550.0,,,,,,,
4,0.5134715817500949,2026-04-22 19:19:21.071301,2026-04-22 19:19:35.341333,0 days 00:00:14.270032,,,COMPLETE,4,RF,8.0,0.44561457009902095,24.0,300.0,,,,,,,
5,0.5112053215643834,2026-04-22 19:19:35.341385,2026-04-22 19:19:49.557370,0 days 00:00:14.215985,,,COMPLETE,4,RF,4.0,0.48318092164684584,18.0,450.0,,,,,,,
6,0.5128459506893962,2026-04-22 19:19:49.557423,2026-04-22 19:20:11.505034,0 days 00:00:21.947611,,,COMPLETE,4,RF,10.0,0.5571172192068058,14.0,400.0,,,,,,,
7,0.5118190932348098,2026-04-22 19:20:11.505087,2026-04-22 19:20:23.404238,0 days 00:00:11.899151,,,COMPLETE,4,RF,3.0,0.38526206184364575,32.0,450.0,,,,,,,
8,0.5105310350428945,2026-04-22 19:20:23.404292,2026-04-22 19:20:40.165337,0 days 00:00:16.761045,,,COMPLETE,4,RF,12.0,0.7041986740582306,49.0,200.0,,,,,,,
9,0.5126373889008754,2026-04-22 19:20:40.165393,2026-04-22 19:20:51.004800,0 days 00:00:10.839407,,,COMPLETE,4,RF,3.0,0.5200762468698006,36.0,300.0,,,,,,,
10,0.511905449281503,2026-04-22 19:20:51.004939,2026-04-22 19:21:08.250231,0 days 00:00:17.245292,,,COMPLETE,4,RF,7.0,0.30898093780740987,24.0,600.0,,,,,,,
11,0.5111859285056332,2026-04-22 19:21:08.250287,2026-04-22 19:21:28.247192,0 days 00:00:19.996905,,,COMPLETE,4,RF,9.0,0.6120417635861827,23.0,350.0,,,,,,,
12,0.5119848277188949,2026-04-22 19:21:28.247248,2026-04-22 19:21:44.499687,0 days 00:00:16.252439,,,COMPLETE,4,RF,8.0,0.46833576295470497,16.0,350.0,,,,,,,
13,0.5120023410374173,2026-04-22 19:21:44.499741,2026-04-22 19:22:01.036281,0 days 00:00:16.536540,,,COMPLETE,4,RF,10.0,0.5925172280437353,27.0,250.0,,,,,,,
14,0.5112040629360334,2026-04-22 19:22:01.036333,2026-04-22 19:22:16.578267,0 days 00:00:15.541934,,,COMPLETE,4,RF,7.0,0.4176097345191033,12.0,400.0,,,,,,,
15,0.5129573011152534,2026-04-22 19:22:16.578322,2026-04-22 19:22:41.462319,0 days 00:00:24.883997,,,COMPLETE,4,RF,10.0,0.5480206560848572,20.0,500.0,,,,,,,
16,0.5105571296612227,2026-04-22 19:22:41.462372,2026-04-22 19:23:04.203824,0 days 00:00:22.741452,,,COMPLETE,4,RF,6.0,0.6559889011067058,21.0,550.0,,,,,,,
17,0.5117377106085444,2026-04-22 19:23:04.203876,2026-04-22 19:23:21.445475,0 days 00:00:17.241599,,,COMPLETE,4,RF,9.0,0.3144421099121778,30.0,500.0,,,,,,,
18,0.5137949581622321,2026-04-22 19:23:21.445528,2026-04-22 19:23:34.587088,0 days 00:00:13.141560,,,COMPLETE,4,RF,11.0,0.45501861355280077,43.0,200.0,,,,,,,
19,0.5129230777376499,2026-04-22 19:23:34.587143,2026-04-22 19:23:47.356723,0 days 00:00:12.769580,,,COMPLETE,4,RF,11.0,0.4411348552744417,47.0,200.0,,,,,,,
0,0.514478120134871,2026-04-22 19:23:53.367725,2026-04-22 19:24:04.801932,0 days 00:00:11.434207,,,COMPLETE,4,LGBM,,,,300.0,0.6545980821176709,0.6046065241548528,0.2904180608409973,4.330880728874676,0.03968793330444373,47.0,61.0
1,0.5137733103202898,2026-04-22 19:24:04.801995,2026-04-22 19:24:17.578905,0 days 00:00:12.776910,,,COMPLETE,4,LGBM,,,,400.0,0.6743186887373966,0.8413549242801477,0.9091248360355031,0.9170225492671691,0.09330606024425668,11.0,49.0
2,0.5149241033528806,2026-04-22 19:24:17.578966,2026-04-22 19:24:27.196200,0 days 00:00:09.617234,,,COMPLETE,4,LGBM,,,,250.0,0.6488228512282146,0.7641485131528328,1.4607232426760908,1.8318092164684585,0.019553708662745254,32.0,40.0
3,0.5160548692043035,2026-04-22 19:24:27.196260,2026-04-22 19:24:39.508622,0 days 00:00:12.312362,,,COMPLETE,4,LGBM,,,,350.0,0.6162576444519992,0.7573450991017149,3.0377242595071916,0.8526206184364576,0.032676417657817626,20.0,53.0
4,0.5184536270348528,2026-04-22 19:24:39.508674,2026-04-22 19:24:47.277364,0 days 00:00:07.768690,,,COMPLETE,4,LGBM,,,,100.0,0.6341852399022343,0.6566148192106798,3.4211651325607844,2.2007624686980067,0.06432759992849894,59.0,61.0
5,0.5190553871482539,2026-04-22 19:24:47.277415,2026-04-22 19:24:55.304956,0 days 00:00:08.027541,,,COMPLETE,4,LGBM,,,,150.0,0.8318827995238937,0.640572993560006,1.5585553804470549,2.600340105889054,0.08115595675970502,11.0,39.0
6,0.521264217112293,2026-04-22 19:24:55.305005,2026-04-22 19:25:05.230619,0 days 00:00:09.925614,,,COMPLETE,4,LGBM,,,,400.0,0.913189572649677,0.8788246295474662,2.9894998940554256,4.609371175115584,0.05958443469672518,59.0,24.0
7,0.5099374823176859,2026-04-22 19:25:05.230677,2026-04-22 19:25:12.169482,0 days 00:00:06.938805,,,COMPLETE,4,LGBM,,,,100.0,0.6949721611208636,0.6860370513913188,4.143687545759647,1.7837666334679465,0.0211509720216856,12.0,24.0
8,0.5158771146780583,2026-04-22 19:25:12.169534,2026-04-22 19:25:21.857288,0 days 00:00:09.687754,,,COMPLETE,4,LGBM,,,,250.0,0.945410427810181,0.5760927252879199,3.861223846483287,0.993578407670862,0.0634157277549528,17.0,41.0
9,0.513382040383744,2026-04-22 19:25:21.857339,2026-04-22 19:25:29.581383,0 days 00:00:07.724044,,,COMPLETE,4,LGBM,,,,100.0,0.6259156281069316,0.8199446213400811,1.7923286427213632,0.5793452976256486,0.05358055009231865,46.0,54.0
10,0.5130217479778482,2026-04-22 19:25:29.581435,2026-04-22 19:25:39.856710,0 days 00:00:10.275275,,,COMPLETE,4,LGBM,,,,550.0,0.9176826783488812,0.8943559756511681,4.7988537297270994,4.883839283223654,0.010422259339479684,59.0,15.0
11,0.5211531150180518,2026-04-22 19:25:39.856772,2026-04-22 19:25:51.632634,0 days 00:00:11.775862,,,COMPLETE,4,LGBM,,,,500.0,0.8516233818700025,0.6500490079557848,2.3635700332897427,3.629843526570237,0.08826930761126872,30.0,30.0
12,0.5186187217397631,2026-04-22 19:25:51.632694,2026-04-22 19:26:03.029508,0 days 00:00:11.396814,,,COMPLETE,4,LGBM,,,,500.0,0.8413378103922247,0.7131272293114319,2.343526094439211,3.668351917406815,0.04537167831159215,30.0,27.0
13,0.5218063057970453,2026-04-22 19:26:03.029568,2026-04-22 19:26:14.154026,0 days 00:00:11.124458,,,COMPLETE,4,LGBM,,,,450.0,0.8762343279041969,0.8936052568357556,2.6073009135279253,3.453025456597568,0.09908696623768992,47.0,28.0
14,0.5214254985975599,2026-04-22 19:26:14.154082,2026-04-22 19:26:23.894823,0 days 00:00:09.740741,,,COMPLETE,4,LGBM,,,,450.0,0.8927896872377619,0.8953035062821277,3.0367416368486,3.4395029745843835,0.09975894362733669,49.0,19.0
15,0.5173916388588996,2026-04-22 19:26:23.894882,2026-04-22 19:26:34.336259,0 days 00:00:10.441377,,,COMPLETE,4,LGBM,,,,600.0,0.7713996490363778,0.8173794436984081,2.8080575370730148,3.210268914194821,0.09881427232618334,47.0,16.0
16,0.5160483107606683,2026-04-22 19:26:34.336320,2026-04-22 19:26:46.006329,0 days 00:00:11.670009,,,COMPLETE,4,LGBM,,,,450.0,0.7764031050277782,0.8641956005605053,3.7619986004282207,2.974895152308474,0.025901173752026968,40.0,32.0
17,0.5164157991266715,2026-04-22 19:26:46.006381,2026-04-22 19:26:57.914604,0 days 00:00:11.908223,,,COMPLETE,4,LGBM,,,,600.0,0.89111853398132,0.7800008565146465,4.501074183915022,3.8630616241743554,0.013601155021092113,52.0,22.0
18,0.5200332316350313,2026-04-22 19:26:57.914658,2026-04-22 19:27:08.171086,0 days 00:00:10.256428,,,COMPLETE,4,LGBM,,,,500.0,0.7773716899050834,0.8996773674402607,2.0455415315887864,4.022832913853447,0.08019427265015587,41.0,20.0
19,0.5175775917225268,2026-04-22 19:27:08.171147,2026-04-22 19:27:19.011099,0 days 00:00:10.839952,,,COMPLETE,4,LGBM,,,,400.0,0.8621113629249061,0.8033178797164733,3.264423346529435,3.2137134325164096,0.045296292198099684,53.0,33.0
20,0.5216180031167145,2026-04-22 19:27:19.011150,2026-04-22 19:27:30.809571,0 days 00:00:11.798421,,,COMPLETE,4,LGBM,,,,450.0,0.8089543360449349,0.8504446243438928,1.0026161491154828,2.7115759301190745,0.06931488293859292,38.0,35.0
21,0.5204694631702887,2026-04-22 19:27:30.809633,2026-04-22 19:27:42.611619,0 days 00:00:11.801986,,,COMPLETE,4,LGBM,,,,450.0,0.805286599779281,0.8563551493203813,0.07510605812843663,2.5913583055479554,0.06820238256209674,37.0,36.0
22,0.5190437099055455,2026-04-22 19:27:42.611671,2026-04-22 19:27:53.390336,0 days 00:00:10.778665,,,COMPLETE,4,LGBM,,,,450.0,0.7226161806288921,0.8380240944577197,0.9957301330124839,2.9518812682662605,0.07616423016142848,52.0,28.0
23,0.5184377564384554,2026-04-22 19:27:53.390392,2026-04-22 19:28:04.842817,0 days 00:00:11.452425,,,COMPLETE,4,LGBM,,,,350.0,0.8815109444416427,0.875437822573633,2.5455513442669595,3.444070371377279,0.09910420058751895,42.0,45.0
24,0.521050967569554,2026-04-22 19:28:04.842878,2026-04-22 19:28:15.257191,0 days 00:00:10.414313,,,COMPLETE,4,LGBM,,,,550.0,0.8021570132885433,0.8519265118949038,0.894032400884234,2.175763274310543,0.052238892211040854,35.0,19.0
0,0.5312788440103787,2026-04-22 19:28:25.557575,2026-04-22 19:28:32.526333,0 days 00:00:06.968758,0.03148911647956861,balanced,COMPLETE,5,LR,,,,,,,,,,,
1,0.5315829036734127,2026-04-22 19:28:32.526385,2026-04-22 19:28:39.793165,0 days 00:00:07.266780,0.24810409748678125,balanced,COMPLETE,5,LR,,,,,,,,,,,
2,0.5260983035829955,2026-04-22 19:28:39.793215,2026-04-22 19:28:46.381969,0 days 00:00:06.588754,0.0017073967431528124,balanced,COMPLETE,5,LR,,,,,,,,,,,
3,0.5313465324841139,2026-04-22 19:28:46.382019,2026-04-22 19:28:53.718393,0 days 00:00:07.336374,0.679657809075816,,COMPLETE,5,LR,,,,,,,,,,,
4,0.5315210826012587,2026-04-22 19:28:53.718443,2026-04-22 19:29:00.997398,0 days 00:00:07.278955,2.1368329072358767,balanced,COMPLETE,5,LR,,,,,,,,,,,
5,0.5291563611722433,2026-04-22 19:29:00.997446,2026-04-22 19:29:07.648316,0 days 00:00:06.650870,0.00541524411940254,,COMPLETE,5,LR,,,,,,,,,,,
6,0.5315270114571684,2026-04-22 19:29:07.648365,2026-04-22 19:29:14.876216,0 days 00:00:07.227851,0.05342937261279776,,COMPLETE,5,LR,,,,,,,,,,,
7,0.5284273824926331,2026-04-22 19:29:14.876265,2026-04-22 19:29:21.460672,0 days 00:00:06.584407,0.003613894271216527,,COMPLETE,5,LR,,,,,,,,,,,
8,0.5317032451255567,2026-04-22 19:29:21.460722,2026-04-22 19:29:28.754020,0 days 00:00:07.293298,0.06672367170464207,balanced,COMPLETE,5,LR,,,,,,,,,,,
9,0.5315534442524492,2026-04-22 19:29:28.754068,2026-04-22 19:29:36.044924,0 days 00:00:07.290856,0.11400863701127326,balanced,COMPLETE,5,LR,,,,,,,,,,,
10,0.5315202202582608,2026-04-22 19:29:36.044975,2026-04-22 19:29:43.501442,0 days 00:00:07.456467,6.033178530661212,balanced,COMPLETE,5,LR,,,,,,,,,,,
11,0.5315113678613489,2026-04-22 19:29:43.501513,2026-04-22 19:29:50.724181,0 days 00:00:07.222668,0.23034095845580285,balanced,COMPLETE,5,LR,,,,,,,,,,,
12,0.5310786614910228,2026-04-22 19:29:50.724230,2026-04-22 19:29:57.619511,0 days 00:00:06.895281,0.018199737572503497,balanced,COMPLETE,5,LR,,,,,,,,,,,
13,0.5313877257170406,2026-04-22 19:29:57.619562,2026-04-22 19:30:04.919428,0 days 00:00:07.299866,0.2851470077461775,balanced,COMPLETE,5,LR,,,,,,,,,,,
14,0.5314613430466856,2026-04-22 19:30:04.919479,2026-04-22 19:30:12.245898,0 days 00:00:07.326419,0.9520145760425359,balanced,COMPLETE,5,LR,,,,,,,,,,,
15,0.5308852082206464,2026-04-22 19:30:12.245946,2026-04-22 19:30:19.228572,0 days 00:00:06.982626,0.013275283883341538,balanced,COMPLETE,5,LR,,,,,,,,,,,
16,0.5317603768359604,2026-04-22 19:30:19.228621,2026-04-22 19:30:26.446376,0 days 00:00:07.217755,0.10579396081962208,balanced,COMPLETE,5,LR,,,,,,,,,,,
17,0.5316808926003338,2026-04-22 19:30:26.446426,2026-04-22 19:30:33.804063,0 days 00:00:07.357637,0.07777786661662804,balanced,COMPLETE,5,LR,,,,,,,,,,,
18,0.5306813225823941,2026-04-22 19:30:33.804113,2026-04-22 19:30:40.526902,0 days 00:00:06.722789,0.008833511816486495,,COMPLETE,5,LR,,,,,,,,,,,
19,0.5312788440103787,2026-04-22 19:30:40.526951,2026-04-22 19:30:47.685350,0 days 00:00:07.158399,0.03189021712994601,balanced,COMPLETE,5,LR,,,,,,,,,,,
20,0.531532837228398,2026-04-22 19:30:47.685402,2026-04-22 19:30:54.950091,0 days 00:00:07.264689,0.6843880676817614,balanced,COMPLETE,5,LR,,,,,,,,,,,
21,0.5316228777317563,2026-04-22 19:30:54.950143,2026-04-22 19:31:01.923256,0 days 00:00:06.973113,0.07495849797769727,balanced,COMPLETE,5,LR,,,,,,,,,,,
22,0.5316396785522312,2026-04-22 19:31:01.923392,2026-04-22 19:31:08.989765,0 days 00:00:07.066373,0.11470095556557314,balanced,COMPLETE,5,LR,,,,,,,,,,,
23,0.531421032476333,2026-04-22 19:31:08.989816,2026-04-22 19:31:16.141017,0 days 00:00:07.151201,0.04659079417619518,balanced,COMPLETE,5,LR,,,,,,,,,,,
24,0.5314907608372974,2026-04-22 19:31:16.141068,2026-04-22 19:31:23.484188,0 days 00:00:07.343120,0.22769339956247306,balanced,COMPLETE,5,LR,,,,,,,,,,,
0,0.5195619861315421,2026-04-22 19:31:25.988544,2026-04-22 19:31:51.050117,0 days 00:00:25.061573,,,COMPLETE,5,RF,12.0,0.5993292420985183,38.0,350.0,,,,,,,
1,0.5149928730324828,2026-04-22 19:31:51.050171,2026-04-22 19:32:04.855957,0 days 00:00:13.805786,,,COMPLETE,5,RF,4.0,0.7330880728874676,7.0,250.0,,,,,,,
2,0.5183054319530592,2026-04-22 19:32:04.856011,2026-04-22 19:32:40.652491,0 days 00:00:35.796480,,,COMPLETE,5,RF,10.0,0.7849549260809972,5.0,450.0,,,,,,,
3,0.5155912348731905,2026-04-22 19:32:40.652546,2026-04-22 19:32:58.512968,0 days 00:00:17.860422,,,COMPLETE,5,RF,5.0,0.3917022549267169,13.0,550.0,,,,,,,
4,0.5167836937976625,2026-04-22 19:32:58.513019,2026-04-22 19:33:14.875796,0 days 00:00:16.362777,,,COMPLETE,5,RF,8.0,0.44561457009902095,24.0,300.0,,,,,,,
5,0.5163433744006839,2026-04-22 19:33:14.875851,2026-04-22 19:33:30.780534,0 days 00:00:15.904683,,,COMPLETE,5,RF,4.0,0.48318092164684584,18.0,450.0,,,,,,,
6,0.51927416181004,2026-04-22 19:33:30.780589,2026-04-22 19:33:55.990439,0 days 00:00:25.209850,,,COMPLETE,5,RF,10.0,0.5571172192068058,14.0,400.0,,,,,,,
7,0.5141662152994912,2026-04-22 19:33:55.990499,2026-04-22 19:34:09.586552,0 days 00:00:13.596053,,,COMPLETE,5,RF,3.0,0.38526206184364575,32.0,450.0,,,,,,,
8,0.5181737606024824,2026-04-22 19:34:09.586605,2026-04-22 19:34:28.890203,0 days 00:00:19.303598,,,COMPLETE,5,RF,12.0,0.7041986740582306,49.0,200.0,,,,,,,
9,0.5137083216991369,2026-04-22 19:34:28.890259,2026-04-22 19:34:41.011434,0 days 00:00:12.121175,,,COMPLETE,5,RF,3.0,0.5200762468698006,36.0,300.0,,,,,,,
10,0.5188546342956982,2026-04-22 19:34:41.011488,2026-04-22 19:35:18.506545,0 days 00:00:37.495057,,,COMPLETE,5,RF,12.0,0.6198990965633674,44.0,600.0,,,,,,,
11,0.5173560100301394,2026-04-22 19:35:18.506600,2026-04-22 19:35:42.149306,0 days 00:00:23.642706,,,COMPLETE,5,RF,10.0,0.6055421332525466,39.0,350.0,,,,,,,
12,0.5196302195168441,2026-04-22 19:35:42.149360,2026-04-22 19:36:08.148514,0 days 00:00:25.999154,,,COMPLETE,5,RF,10.0,0.5962491362575973,23.0,400.0,,,,,,,
13,0.5189945074450432,2026-04-22 19:36:08.148570,2026-04-22 19:36:30.571663,0 days 00:00:22.423093,,,COMPLETE,5,RF,8.0,0.664646920226498,26.0,350.0,,,,,,,
14,0.5186059130165521,2026-04-22 19:36:30.571715,2026-04-22 19:37:01.509653,0 days 00:00:30.937938,,,COMPLETE,5,RF,11.0,0.5760131200377596,30.0,500.0,,,,,,,
15,0.5174793068655488,2026-04-22 19:37:01.509707,2026-04-22 19:37:22.101943,0 days 00:00:20.592236,,,COMPLETE,5,RF,7.0,0.6551448707709954,21.0,350.0,,,,,,,
16,0.517675938786731,2026-04-22 19:37:22.101997,2026-04-22 19:37:43.877658,0 days 00:00:21.775661,,,COMPLETE,5,RF,9.0,0.5110299851649571,39.0,400.0,,,,,,,
17,0.5170130126071574,2026-04-22 19:37:43.877713,2026-04-22 19:37:57.049885,0 days 00:00:13.172172,,,COMPLETE,5,RF,11.0,0.32819765780789606,33.0,200.0,,,,,,,
18,0.5184657570038358,2026-04-22 19:37:57.049940,2026-04-22 19:38:16.409384,0 days 00:00:19.359444,,,COMPLETE,5,RF,6.0,0.7964135969305792,45.0,300.0,,,,,,,
19,0.5179991127283511,2026-04-22 19:38:16.409440,2026-04-22 19:38:46.977470,0 days 00:00:30.568030,,,COMPLETE,5,RF,12.0,0.6572826855014176,28.0,400.0,,,,,,,
0,0.5157820889723874,2026-04-22 19:38:59.286776,2026-04-22 19:39:12.024348,0 days 00:00:12.737572,,,COMPLETE,5,LGBM,,,,300.0,0.6545980821176709,0.6046065241548528,0.2904180608409973,4.330880728874676,0.03968793330444373,47.0,61.0
1,0.5142827770626278,2026-04-22 19:39:12.024410,2026-04-22 19:39:25.430075,0 days 00:00:13.405665,,,COMPLETE,5,LGBM,,,,400.0,0.6743186887373966,0.8413549242801477,0.9091248360355031,0.9170225492671691,0.09330606024425668,11.0,49.0
2,0.5154902807749152,2026-04-22 19:39:25.430136,2026-04-22 19:39:35.843326,0 days 00:00:10.413190,,,COMPLETE,5,LGBM,,,,250.0,0.6488228512282146,0.7641485131528328,1.4607232426760908,1.8318092164684585,0.019553708662745254,32.0,40.0
3,0.5177606283031082,2026-04-22 19:39:35.843388,2026-04-22 19:39:48.997287,0 days 00:00:13.153899,,,COMPLETE,5,LGBM,,,,350.0,0.6162576444519992,0.7573450991017149,3.0377242595071916,0.8526206184364576,0.032676417657817626,20.0,53.0
4,0.5087272978293835,2026-04-22 19:39:48.997338,2026-04-22 19:39:57.699340,0 days 00:00:08.702002,,,COMPLETE,5,LGBM,,,,100.0,0.6341852399022343,0.6566148192106798,3.4211651325607844,2.2007624686980067,0.06432759992849894,59.0,61.0
5,0.5148916074499695,2026-04-22 19:39:57.699390,2026-04-22 19:40:06.558414,0 days 00:00:08.859024,,,COMPLETE,5,LGBM,,,,150.0,0.8318827995238937,0.640572993560006,1.5585553804470549,2.600340105889054,0.08115595675970502,11.0,39.0
6,0.5164158447893619,2026-04-22 19:40:06.558474,2026-04-22 19:40:17.518785,0 days 00:00:10.960311,,,COMPLETE,5,LGBM,,,,400.0,0.913189572649677,0.8788246295474662,2.9894998940554256,4.609371175115584,0.05958443469672518,59.0,24.0
7,0.5140900784662744,2026-04-22 19:40:17.518846,2026-04-22 19:40:25.352698,0 days 00:00:07.833852,,,COMPLETE,5,LGBM,,,,100.0,0.6949721611208636,0.6860370513913188,4.143687545759647,1.7837666334679465,0.0211509720216856,12.0,24.0
8,0.5178402796796405,2026-04-22 19:40:25.352749,2026-04-22 19:40:35.725970,0 days 00:00:10.373221,,,COMPLETE,5,LGBM,,,,250.0,0.945410427810181,0.5760927252879199,3.861223846483287,0.993578407670862,0.0634157277549528,17.0,41.0
9,0.5126356268534799,2026-04-22 19:40:35.726030,2026-04-22 19:40:43.955150,0 days 00:00:08.229120,,,COMPLETE,5,LGBM,,,,100.0,0.6259156281069316,0.8199446213400811,1.7923286427213632,0.5793452976256486,0.05358055009231865,46.0,54.0
10,0.5131118080725812,2026-04-22 19:40:43.955208,2026-04-22 19:40:55.533103,0 days 00:00:11.577895,,,COMPLETE,5,LGBM,,,,600.0,0.9176826783488812,0.5550984527418836,4.828999576156499,3.3820892378437533,0.010422259339479684,25.0,15.0
11,0.518207437822344,2026-04-22 19:40:55.533169,2026-04-22 19:41:10.210240,0 days 00:00:14.677071,,,COMPLETE,5,LGBM,,,,500.0,0.7593369159385441,0.7494719183325732,3.7871472392399084,0.11389806391162005,0.033139093391170035,22.0,42.0
12,0.5168068605927388,2026-04-22 19:41:10.210293,2026-04-22 19:41:25.283183,0 days 00:00:15.072890,,,COMPLETE,5,LGBM,,,,550.0,0.7565736078934716,0.7207906759841003,3.9626029004593524,0.2517590376689611,0.024411485271580196,23.0,40.0
13,0.5173547152766441,2026-04-22 19:41:25.283234,2026-04-22 19:41:38.264445,0 days 00:00:12.981211,,,COMPLETE,5,LGBM,,,,500.0,0.8312995038523003,0.5774618347383733,4.996812193207756,0.012754582589003902,0.044136159052204284,31.0,33.0
14,0.5151010105966095,2026-04-22 19:41:38.264507,2026-04-22 19:41:48.435846,0 days 00:00:10.171339,,,COMPLETE,5,LGBM,,,,200.0,0.7695574781292916,0.7659547569033778,2.3829975807712223,1.3260251836589474,0.013878462038995518,19.0,46.0
15,0.5152958877241312,2026-04-22 19:41:48.435909,2026-04-22 19:42:01.296040,0 days 00:00:12.860131,,,COMPLETE,5,LGBM,,,,450.0,0.8505443182776344,0.708314209507163,4.0129712540666285,1.1272805684380758,0.02847416987545675,38.0,33.0
16,0.5168423886286496,2026-04-22 19:42:01.296103,2026-04-22 19:42:11.819079,0 days 00:00:10.522976,,,COMPLETE,5,LGBM,,,,300.0,0.723259799591592,0.8047055568295867,3.529694011819126,3.0578149903431013,0.037524642619452535,17.0,32.0
17,0.5158118460008051,2026-04-22 19:42:11.819131,2026-04-22 19:42:26.867507,0 days 00:00:15.048376,,,COMPLETE,5,LGBM,,,,500.0,0.9455101171583091,0.6279708926394114,4.4533294767964495,0.05199058807027135,0.07238521608456798,28.0,45.0
18,0.5180019055550055,2026-04-22 19:42:26.867568,2026-04-22 19:42:35.709006,0 days 00:00:08.841438,,,COMPLETE,5,LGBM,,,,200.0,0.8072056767928912,0.6817685752060368,2.868447337527959,1.372707258167352,0.04894117875814322,39.0,27.0
19,0.5150953781091553,2026-04-22 19:42:35.709057,2026-04-22 19:42:49.084913,0 days 00:00:13.375856,,,COMPLETE,5,LGBM,,,,600.0,0.8070311848485039,0.7018782629886551,2.4262809905843064,1.5258073515945028,0.05115820232864973,39.0,26.0
20,0.5142043374266873,2026-04-22 19:42:49.084969,2026-04-22 19:42:57.201789,0 days 00:00:08.116820,,,COMPLETE,5,LGBM,,,,200.0,0.7435771479062584,0.6834801233340673,2.935796857742908,0.5280271252838785,0.01589877345097281,48.0,15.0
21,0.5184427687484519,2026-04-22 19:42:57.201853,2026-04-22 19:43:07.278468,0 days 00:00:10.076615,,,COMPLETE,5,LGBM,,,,250.0,0.8759028186065253,0.6015414758833787,3.5517077294126653,0.56438285660158,0.046401432426396626,41.0,36.0
22,0.5152199066330333,2026-04-22 19:43:07.278519,2026-04-22 19:43:16.262567,0 days 00:00:08.984048,,,COMPLETE,5,LGBM,,,,200.0,0.8775481798375899,0.6609173305758428,3.4700370866596737,0.5069827130613647,0.04480239747044703,42.0,28.0
23,0.5161339551470627,2026-04-22 19:43:16.262617,2026-04-22 19:43:25.596266,0 days 00:00:09.333649,,,COMPLETE,5,LGBM,,,,300.0,0.8006488446916198,0.7431333379941014,2.1774582834198766,1.5764250666324997,0.031464452072138646,53.0,20.0
24,0.5196823523636573,2026-04-22 19:43:25.596328,2026-04-22 19:43:37.310368,0 days 00:00:11.714040,,,COMPLETE,5,LGBM,,,,350.0,0.8819264744635278,0.7871236417609595,2.765411564292424,0.5838695946289777,0.03652005346038627,34.0,35.0
0,0.5378476366406906,2026-04-22 19:43:47.443515,2026-04-22 19:43:54.436058,0 days 00:00:06.992543,0.03148911647956861,balanced,COMPLETE,6,LR,,,,,,,,,,,
1,0.5389150608218729,2026-04-22 19:43:54.436111,2026-04-22 19:44:01.991075,0 days 00:00:07.554964,0.24810409748678125,balanced,COMPLETE,6,LR,,,,,,,,,,,
2,0.5253982069864197,2026-04-22 19:44:01.991125,2026-04-22 19:44:08.517189,0 days 00:00:06.526064,0.0017073967431528124,balanced,COMPLETE,6,LR,,,,,,,,,,,
3,0.5388949970101904,2026-04-22 19:44:08.517240,2026-04-22 19:44:16.083592,0 days 00:00:07.566352,0.679657809075816,,COMPLETE,6,LR,,,,,,,,,,,
4,0.5390628671550983,2026-04-22 19:44:16.083642,2026-04-22 19:44:23.609100,0 days 00:00:07.525458,2.1368329072358767,balanced,COMPLETE,6,LR,,,,,,,,,,,
5,0.5331242103950676,2026-04-22 19:44:23.609149,2026-04-22 19:44:30.361263,0 days 00:00:06.752114,0.00541524411940254,,COMPLETE,6,LR,,,,,,,,,,,
6,0.5383213931750098,2026-04-22 19:44:30.361314,2026-04-22 19:44:37.341821,0 days 00:00:06.980507,0.05342937261279776,,COMPLETE,6,LR,,,,,,,,,,,
7,0.5304268983344759,2026-04-22 19:44:37.341872,2026-04-22 19:44:44.055851,0 days 00:00:06.713979,0.003613894271216527,,COMPLETE,6,LR,,,,,,,,,,,
8,0.5383717366955024,2026-04-22 19:44:44.055903,2026-04-22 19:44:51.370825,0 days 00:00:07.314922,0.06672367170464207,balanced,COMPLETE,6,LR,,,,,,,,,,,
9,0.5387988554301222,2026-04-22 19:44:51.370876,2026-04-22 19:44:58.671610,0 days 00:00:07.300734,0.11400863701127326,balanced,COMPLETE,6,LR,,,,,,,,,,,
10,0.5390334285493107,2026-04-22 19:44:58.671660,2026-04-22 19:45:06.182190,0 days 00:00:07.510530,8.165528450509141,balanced,COMPLETE,6,LR,,,,,,,,,,,
11,0.538806751284746,2026-04-22 19:45:06.182241,2026-04-22 19:45:13.689092,0 days 00:00:07.506851,7.553503645583182,balanced,COMPLETE,6,LR,,,,,,,,,,,
12,0.5389774951983141,2026-04-22 19:45:13.689143,2026-04-22 19:45:21.371158,0 days 00:00:07.682015,8.525846269447767,balanced,COMPLETE,6,LR,,,,,,,,,,,
13,0.538794730520716,2026-04-22 19:45:21.371210,2026-04-22 19:45:28.944774,0 days 00:00:07.573564,1.8911495418648008,balanced,COMPLETE,6,LR,,,,,,,,,,,
14,0.538780256539537,2026-04-22 19:45:28.944825,2026-04-22 19:45:36.578718,0 days 00:00:07.633893,1.6054554385302178,balanced,COMPLETE,6,LR,,,,,,,,,,,
15,0.5388390636591938,2026-04-22 19:45:36.578769,2026-04-22 19:45:44.089594,0 days 00:00:07.510825,2.7271326003577623,balanced,COMPLETE,6,LR,,,,,,,,,,,
16,0.5389716074771567,2026-04-22 19:45:44.089642,2026-04-22 19:45:51.682884,0 days 00:00:07.593242,0.4872892731769601,balanced,COMPLETE,6,LR,,,,,,,,,,,
17,0.5389215618473177,2026-04-22 19:45:51.682939,2026-04-22 19:45:59.451632,0 days 00:00:07.768693,3.6810089374307635,balanced,COMPLETE,6,LR,,,,,,,,,,,
18,0.5388037548552282,2026-04-22 19:45:59.451682,2026-04-22 19:46:06.842497,0 days 00:00:07.390815,0.5748594743060452,,COMPLETE,6,LR,,,,,,,,,,,
19,0.5372319145716582,2026-04-22 19:46:06.842547,2026-04-22 19:46:13.783205,0 days 00:00:06.940658,0.020649406183395006,balanced,COMPLETE,6,LR,,,,,,,,,,,
20,0.5388626846357425,2026-04-22 19:46:13.783254,2026-04-22 19:46:21.466458,0 days 00:00:07.683204,1.1110354854240556,balanced,COMPLETE,6,LR,,,,,,,,,,,
21,0.5390981934820435,2026-04-22 19:46:21.466507,2026-04-22 19:46:28.986186,0 days 00:00:07.519679,9.779513194932607,balanced,COMPLETE,6,LR,,,,,,,,,,,
22,0.5386760193428773,2026-04-22 19:46:28.986236,2026-04-22 19:46:36.860154,0 days 00:00:07.873918,9.400705579061022,balanced,COMPLETE,6,LR,,,,,,,,,,,
23,0.5390731951992955,2026-04-22 19:46:36.860204,2026-04-22 19:46:44.413775,0 days 00:00:07.553571,4.538707236079575,balanced,COMPLETE,6,LR,,,,,,,,,,,
24,0.5389330919679179,2026-04-22 19:46:44.413830,2026-04-22 19:46:51.810357,0 days 00:00:07.396527,4.8669095291533395,balanced,COMPLETE,6,LR,,,,,,,,,,,
0,0.5063734147349724,2026-04-22 19:46:54.430872,2026-04-22 19:47:19.873717,0 days 00:00:25.442845,,,COMPLETE,6,RF,12.0,0.5993292420985183,38.0,350.0,,,,,,,
1,0.49969214461177724,2026-04-22 19:47:19.873772,2026-04-22 19:47:33.794705,0 days 00:00:13.920933,,,COMPLETE,6,RF,4.0,0.7330880728874676,7.0,250.0,,,,,,,
2,0.5023575237677802,2026-04-22 19:47:33.794759,2026-04-22 19:48:09.834964,0 days 00:00:36.040205,,,COMPLETE,6,RF,10.0,0.7849549260809972,5.0,450.0,,,,,,,
3,0.5021846815747505,2026-04-22 19:48:09.835017,2026-04-22 19:48:27.936833,0 days 00:00:18.101816,,,COMPLETE,6,RF,5.0,0.3917022549267169,13.0,550.0,,,,,,,
4,0.5026138446569943,2026-04-22 19:48:27.936888,2026-04-22 19:48:44.340884,0 days 00:00:16.403996,,,COMPLETE,6,RF,8.0,0.44561457009902095,24.0,300.0,,,,,,,
5,0.49927772088650385,2026-04-22 19:48:44.340938,2026-04-22 19:49:00.388570,0 days 00:00:16.047632,,,COMPLETE,6,RF,4.0,0.48318092164684584,18.0,450.0,,,,,,,
6,0.5053339157582365,2026-04-22 19:49:00.388624,2026-04-22 19:49:25.812828,0 days 00:00:25.424204,,,COMPLETE,6,RF,10.0,0.5571172192068058,14.0,400.0,,,,,,,
7,0.5015667778947535,2026-04-22 19:49:25.812881,2026-04-22 19:49:39.519391,0 days 00:00:13.706510,,,COMPLETE,6,RF,3.0,0.38526206184364575,32.0,450.0,,,,,,,
8,0.5080645269317293,2026-04-22 19:49:39.519444,2026-04-22 19:49:59.466557,0 days 00:00:19.947113,,,COMPLETE,6,RF,12.0,0.7041986740582306,49.0,200.0,,,,,,,
9,0.5016041477905236,2026-04-22 19:49:59.466611,2026-04-22 19:50:11.852344,0 days 00:00:12.385733,,,COMPLETE,6,RF,3.0,0.5200762468698006,36.0,300.0,,,,,,,
10,0.5043690278764906,2026-04-22 19:50:11.852399,2026-04-22 19:50:30.669966,0 days 00:00:18.817567,,,COMPLETE,6,RF,12.0,0.6548199231905925,49.0,200.0,,,,,,,
11,0.5043690278764906,2026-04-22 19:50:30.670019,2026-04-22 19:50:49.535250,0 days 00:00:18.865231,,,COMPLETE,6,RF,12.0,0.6389621619162541,49.0,200.0,,,,,,,
12,0.5048618165083912,2026-04-22 19:50:49.535305,2026-04-22 19:51:13.871477,0 days 00:00:24.336172,,,COMPLETE,6,RF,10.0,0.6281407226639427,42.0,350.0,,,,,,,
13,0.5029382121436274,2026-04-22 19:51:13.871529,2026-04-22 19:51:45.942505,0 days 00:00:32.070976,,,COMPLETE,6,RF,8.0,0.6988155675902561,41.0,550.0,,,,,,,
14,0.5052512034003614,2026-04-22 19:51:45.942560,2026-04-22 19:52:08.027122,0 days 00:00:22.084562,,,COMPLETE,6,RF,12.0,0.5760131200377596,42.0,300.0,,,,,,,
15,0.5057960654602446,2026-04-22 19:52:08.027174,2026-04-22 19:52:52.946990,0 days 00:00:44.919816,,,COMPLETE,6,RF,11.0,0.7609475335327748,28.0,600.0,,,,,,,
16,0.5031509183365288,2026-04-22 19:52:52.947043,2026-04-22 19:53:09.204977,0 days 00:00:16.257934,,,COMPLETE,6,RF,7.0,0.5994437051797049,38.0,250.0,,,,,,,
17,0.5049959259072347,2026-04-22 19:53:09.205031,2026-04-22 19:53:33.862642,0 days 00:00:24.657611,,,COMPLETE,6,RF,9.0,0.6964391835847991,46.0,350.0,,,,,,,
18,0.5014658671437279,2026-04-22 19:53:33.862694,2026-04-22 19:53:48.535897,0 days 00:00:14.673203,,,COMPLETE,6,RF,6.0,0.7038741894587435,33.0,200.0,,,,,,,
19,0.5068588592914081,2026-04-22 19:53:48.535950,2026-04-22 19:54:21.771031,0 days 00:00:33.235081,,,COMPLETE,6,RF,11.0,0.7980084946806068,45.0,400.0,,,,,,,
0,0.5111585333561989,2026-04-22 19:54:30.999330,2026-04-22 19:54:43.538518,0 days 00:00:12.539188,,,COMPLETE,6,LGBM,,,,300.0,0.6545980821176709,0.6046065241548528,0.2904180608409973,4.330880728874676,0.03968793330444373,47.0,61.0
1,0.5137198970785845,2026-04-22 19:54:43.538571,2026-04-22 19:54:56.986926,0 days 00:00:13.448355,,,COMPLETE,6,LGBM,,,,400.0,0.6743186887373966,0.8413549242801477,0.9091248360355031,0.9170225492671691,0.09330606024425668,11.0,49.0
2,0.5061505600110651,2026-04-22 19:54:56.986977,2026-04-22 19:55:07.529087,0 days 00:00:10.542110,,,COMPLETE,6,LGBM,,,,250.0,0.6488228512282146,0.7641485131528328,1.4607232426760908,1.8318092164684585,0.019553708662745254,32.0,40.0
3,0.5096441756497249,2026-04-22 19:55:07.529146,2026-04-22 19:55:20.704956,0 days 00:00:13.175810,,,COMPLETE,6,LGBM,,,,350.0,0.6162576444519992,0.7573450991017149,3.0377242595071916,0.8526206184364576,0.032676417657817626,20.0,53.0
4,0.5107744814327287,2026-04-22 19:55:20.705014,2026-04-22 19:55:29.316494,0 days 00:00:08.611480,,,COMPLETE,6,LGBM,,,,100.0,0.6341852399022343,0.6566148192106798,3.4211651325607844,2.2007624686980067,0.06432759992849894,59.0,61.0
5,0.5069915933310498,2026-04-22 19:55:29.316546,2026-04-22 19:55:38.087378,0 days 00:00:08.770832,,,COMPLETE,6,LGBM,,,,150.0,0.8318827995238937,0.640572993560006,1.5585553804470549,2.600340105889054,0.08115595675970502,11.0,39.0
6,0.5080309283705763,2026-04-22 19:55:38.087429,2026-04-22 19:55:48.782996,0 days 00:00:10.695567,,,COMPLETE,6,LGBM,,,,400.0,0.913189572649677,0.8788246295474662,2.9894998940554256,4.609371175115584,0.05958443469672518,59.0,24.0
7,0.5037612812942893,2026-04-22 19:55:48.783047,2026-04-22 19:55:56.480872,0 days 00:00:07.697825,,,COMPLETE,6,LGBM,,,,100.0,0.6949721611208636,0.6860370513913188,4.143687545759647,1.7837666334679465,0.0211509720216856,12.0,24.0
8,0.5142694352429332,2026-04-22 19:55:56.480931,2026-04-22 19:56:07.003349,0 days 00:00:10.522418,,,COMPLETE,6,LGBM,,,,250.0,0.945410427810181,0.5760927252879199,3.861223846483287,0.993578407670862,0.0634157277549528,17.0,41.0
9,0.507812305446251,2026-04-22 19:56:07.003407,2026-04-22 19:56:15.523758,0 days 00:00:08.520351,,,COMPLETE,6,LGBM,,,,100.0,0.6259156281069316,0.8199446213400811,1.7923286427213632,0.5793452976256486,0.05358055009231865,46.0,54.0
10,0.5056802225994724,2026-04-22 19:56:15.523816,2026-04-22 19:56:26.946778,0 days 00:00:11.422962,,,COMPLETE,6,LGBM,,,,600.0,0.9176826783488812,0.5550984527418836,4.828999576156499,3.3820892378437533,0.010422259339479684,25.0,15.0
11,0.5090997937194838,2026-04-22 19:56:26.946837,2026-04-22 19:56:41.136545,0 days 00:00:14.189708,,,COMPLETE,6,LGBM,,,,500.0,0.752024695114744,0.8726612399435131,0.339101338813105,0.11389806391162005,0.08826930761126872,21.0,42.0
12,0.5129998001601522,2026-04-22 19:56:41.136599,2026-04-22 19:56:55.446680,0 days 00:00:14.310081,,,COMPLETE,6,LGBM,,,,450.0,0.8401142807509909,0.8052855653031745,3.892016965842913,1.3724248664124048,0.09344239914525503,10.0,48.0
13,0.5086545104694741,2026-04-22 19:56:55.446733,2026-04-22 19:57:04.993256,0 days 00:00:09.546523,,,COMPLETE,6,LGBM,,,,250.0,0.7452855635117834,0.7299780231106161,2.1906508374556717,1.0518668675251173,0.04497071059583655,27.0,32.0
14,0.5114605064748577,2026-04-22 19:57:04.993316,2026-04-22 19:57:14.491368,0 days 00:00:09.498052,,,COMPLETE,6,LGBM,,,,200.0,0.7062062053109952,0.554599110501233,0.9262986969204221,0.018124333460429964,0.09947474691555441,18.0,47.0
15,0.510962994815846,2026-04-22 19:57:14.491419,2026-04-22 19:57:25.654174,0 days 00:00:11.162755,,,COMPLETE,6,LGBM,,,,350.0,0.8197931579705956,0.8371652886153421,4.719434134979327,1.42265854579796,0.0674822494425468,38.0,33.0
16,0.5091315624921634,2026-04-22 19:57:25.654224,2026-04-22 19:57:42.266810,0 days 00:00:16.612586,,,COMPLETE,6,LGBM,,,,550.0,0.9420432629582772,0.7093766980799628,2.5232005313710215,3.197342331354388,0.025612201185269325,16.0,47.0
17,0.513043521551941,2026-04-22 19:57:42.266876,2026-04-22 19:57:56.673887,0 days 00:00:14.407011,,,COMPLETE,6,LGBM,,,,450.0,0.882029611621286,0.5979210987998443,0.8574508792708229,0.48932424403376107,0.046416821277703316,33.0,54.0
18,0.5127117852629716,2026-04-22 19:57:56.673942,2026-04-22 19:58:07.364028,0 days 00:00:10.690086,,,COMPLETE,6,LGBM,,,,300.0,0.7773716899050834,0.7825054491653962,3.974960703310933,2.9476872494684914,0.07264529570670941,26.0,34.0
19,0.5060874899398627,2026-04-22 19:58:07.364087,2026-04-22 19:58:20.487073,0 days 00:00:13.122986,,,COMPLETE,6,LGBM,,,,400.0,0.6927703153199055,0.852609426745233,2.579734320086142,2.2140148853880692,0.013597722414905936,15.0,43.0
20,0.5058953415119699,2026-04-22 19:58:20.487124,2026-04-22 19:58:29.395568,0 days 00:00:08.908444,,,COMPLETE,6,LGBM,,,,200.0,0.7946757815781972,0.8969470186502598,1.0585507287023137,4.061080132164644,0.03370811924383105,37.0,28.0
21,0.5080656104359701,2026-04-22 19:58:29.395620,2026-04-22 19:58:44.058121,0 days 00:00:14.662501,,,COMPLETE,6,LGBM,,,,450.0,0.8759028186065253,0.5964796460260917,0.850431477880087,0.5296531225388061,0.0479656029163837,32.0,55.0
22,0.509515098655933,2026-04-22 19:58:44.058184,2026-04-22 19:58:58.151310,0 days 00:00:14.093126,,,COMPLETE,6,LGBM,,,,450.0,0.8775481798375899,0.5952397716840215,0.161146944744456,0.43658656700575993,0.04125217453518488,42.0,50.0
23,0.5144950469156363,2026-04-22 19:58:58.151371,2026-04-22 19:59:14.404494,0 days 00:00:16.253123,,,COMPLETE,6,LGBM,,,,500.0,0.8814627253307723,0.6464745976844362,1.9672780502868443,1.038804131570938,0.054688785447533306,22.0,57.0
24,0.5143388945819103,2026-04-22 19:59:14.404557,2026-04-22 19:59:31.848261,0 days 00:00:17.443704,,,COMPLETE,6,LGBM,,,,550.0,0.9258997519641956,0.632309686349875,2.1731677277235337,1.1010147994851092,0.07552528533358209,23.0,58.0
0,0.5143768801766031,2026-04-22 19:59:43.555084,2026-04-22 19:59:50.654742,0 days 00:00:07.099658,0.03148911647956861,balanced,COMPLETE,7,LR,,,,,,,,,,,
1,0.5148692397583038,2026-04-22 19:59:50.654792,2026-04-22 19:59:58.190050,0 days 00:00:07.535258,0.24810409748678125,balanced,COMPLETE,7,LR,,,,,,,,,,,
2,0.511312213344548,2026-04-22 19:59:58.190100,2026-04-22 20:00:04.701768,0 days 00:00:06.511668,0.0017073967431528124,balanced,COMPLETE,7,LR,,,,,,,,,,,
3,0.514951077838136,2026-04-22 20:00:04.701819,2026-04-22 20:00:12.224370,0 days 00:00:07.522551,0.679657809075816,,COMPLETE,7,LR,,,,,,,,,,,
4,0.5149451813161995,2026-04-22 20:00:12.224421,2026-04-22 20:00:19.658914,0 days 00:00:07.434493,2.1368329072358767,balanced,COMPLETE,7,LR,,,,,,,,,,,
5,0.5129631799568594,2026-04-22 20:00:19.658964,2026-04-22 20:00:26.499794,0 days 00:00:06.840830,0.00541524411940254,,COMPLETE,7,LR,,,,,,,,,,,
6,0.5145904929718355,2026-04-22 20:00:26.499844,2026-04-22 20:00:33.666994,0 days 00:00:07.167150,0.05342937261279776,,COMPLETE,7,LR,,,,,,,,,,,
7,0.5125301728241108,2026-04-22 20:00:33.667045,2026-04-22 20:00:40.341385,0 days 00:00:06.674340,0.003613894271216527,,COMPLETE,7,LR,,,,,,,,,,,
8,0.5145023175603433,2026-04-22 20:00:40.341435,2026-04-22 20:00:47.743372,0 days 00:00:07.401937,0.06672367170464207,balanced,COMPLETE,7,LR,,,,,,,,,,,
9,0.5148357177908605,2026-04-22 20:00:47.743419,2026-04-22 20:00:55.159638,0 days 00:00:07.416219,0.11400863701127326,balanced,COMPLETE,7,LR,,,,,,,,,,,
10,0.5150692381826758,2026-04-22 20:00:55.159689,2026-04-22 20:01:02.663650,0 days 00:00:07.503961,7.443070276210447,,COMPLETE,7,LR,,,,,,,,,,,
11,0.515006989344576,2026-04-22 20:01:02.663701,2026-04-22 20:01:10.213695,0 days 00:00:07.549994,7.553503645583182,,COMPLETE,7,LR,,,,,,,,,,,
12,0.5150541263694158,2026-04-22 20:01:10.213746,2026-04-22 20:01:17.730949,0 days 00:00:07.517203,8.621493166924335,,COMPLETE,7,LR,,,,,,,,,,,
13,0.515137039397283,2026-04-22 20:01:17.730999,2026-04-22 20:01:25.223369,0 days 00:00:07.492370,8.927754498337801,,COMPLETE,7,LR,,,,,,,,,,,
14,0.5151694878432601,2026-04-22 20:01:25.223419,2026-04-22 20:01:32.866400,0 days 00:00:07.642981,1.666913593288379,,COMPLETE,7,LR,,,,,,,,,,,
15,0.5151402864387964,2026-04-22 20:01:32.866450,2026-04-22 20:01:40.271307,0 days 00:00:07.404857,1.477750554490402,,COMPLETE,7,LR,,,,,,,,,,,
16,0.5151929948420383,2026-04-22 20:01:40.271355,2026-04-22 20:01:47.881348,0 days 00:00:07.609993,1.5598643197521511,,COMPLETE,7,LR,,,,,,,,,,,
17,0.5150339469276876,2026-04-22 20:01:47.881398,2026-04-22 20:01:55.352626,0 days 00:00:07.471228,0.41549613213122316,,COMPLETE,7,LR,,,,,,,,,,,
18,0.5150218361013744,2026-04-22 20:01:55.352676,2026-04-22 20:02:02.908485,0 days 00:00:07.555809,2.261004150525695,,COMPLETE,7,LR,,,,,,,,,,,
19,0.5149600895866394,2026-04-22 20:02:02.908536,2026-04-22 20:02:10.497948,0 days 00:00:07.589412,1.0637497350118168,,COMPLETE,7,LR,,,,,,,,,,,
20,0.5149928118767413,2026-04-22 20:02:10.498000,2026-04-22 20:02:18.086645,0 days 00:00:07.588645,0.22666926251584016,,COMPLETE,7,LR,,,,,,,,,,,
21,0.5150931494139566,2026-04-22 20:02:18.086696,2026-04-22 20:02:25.587255,0 days 00:00:07.500559,2.0264667619078742,,COMPLETE,7,LR,,,,,,,,,,,
22,0.5149425947759867,2026-04-22 20:02:25.587306,2026-04-22 20:02:32.965332,0 days 00:00:07.378026,1.2387159808117845,,COMPLETE,7,LR,,,,,,,,,,,
23,0.5150158692781331,2026-04-22 20:02:32.965378,2026-04-22 20:02:40.449872,0 days 00:00:07.484494,3.602767337975243,,COMPLETE,7,LR,,,,,,,,,,,
24,0.5149810539835206,2026-04-22 20:02:40.449921,2026-04-22 20:02:48.064268,0 days 00:00:07.614347,0.5434014226385063,,COMPLETE,7,LR,,,,,,,,,,,
0,0.5144605218155095,2026-04-22 20:02:48.794894,2026-04-22 20:03:13.863121,0 days 00:00:25.068227,,,COMPLETE,7,RF,12.0,0.5993292420985183,38.0,350.0,,,,,,,
1,0.5099176358950218,2026-04-22 20:03:13.863176,2026-04-22 20:03:27.885824,0 days 00:00:14.022648,,,COMPLETE,7,RF,4.0,0.7330880728874676,7.0,250.0,,,,,,,
2,0.5119592580365248,2026-04-22 20:03:27.885878,2026-04-22 20:04:03.772770,0 days 00:00:35.886892,,,COMPLETE,7,RF,10.0,0.7849549260809972,5.0,450.0,,,,,,,
3,0.5108663066519078,2026-04-22 20:04:03.772825,2026-04-22 20:04:21.563481,0 days 00:00:17.790656,,,COMPLETE,7,RF,5.0,0.3917022549267169,13.0,550.0,,,,,,,
4,0.5142933479529389,2026-04-22 20:04:21.563536,2026-04-22 20:04:38.013757,0 days 00:00:16.450221,,,COMPLETE,7,RF,8.0,0.44561457009902095,24.0,300.0,,,,,,,
5,0.5090282947653575,2026-04-22 20:04:38.013812,2026-04-22 20:04:54.072604,0 days 00:00:16.058792,,,COMPLETE,7,RF,4.0,0.48318092164684584,18.0,450.0,,,,,,,
6,0.5151141092642443,2026-04-22 20:04:54.072658,2026-04-22 20:05:19.520830,0 days 00:00:25.448172,,,COMPLETE,7,RF,10.0,0.5571172192068058,14.0,400.0,,,,,,,
7,0.5064832854686849,2026-04-22 20:05:19.520883,2026-04-22 20:05:33.076828,0 days 00:00:13.555945,,,COMPLETE,7,RF,3.0,0.38526206184364575,32.0,450.0,,,,,,,
8,0.5151286300800167,2026-04-22 20:05:33.076882,2026-04-22 20:05:52.441049,0 days 00:00:19.364167,,,COMPLETE,7,RF,12.0,0.7041986740582306,49.0,200.0,,,,,,,
9,0.5060995168030445,2026-04-22 20:05:52.441103,2026-04-22 20:06:04.788040,0 days 00:00:12.346937,,,COMPLETE,7,RF,3.0,0.5200762468698006,36.0,300.0,,,,,,,
10,0.5142175201522059,2026-04-22 20:06:04.788095,2026-04-22 20:06:23.372556,0 days 00:00:18.584461,,,COMPLETE,7,RF,12.0,0.6548199231905925,49.0,200.0,,,,,,,
11,0.5153442393702088,2026-04-22 20:06:23.372609,2026-04-22 20:06:59.387287,0 days 00:00:36.014678,,,COMPLETE,7,RF,10.0,0.6443017677749089,49.0,600.0,,,,,,,
12,0.5163742684407829,2026-04-22 20:06:59.387342,2026-04-22 20:07:36.931369,0 days 00:00:37.544027,,,COMPLETE,7,RF,10.0,0.6736970936526047,50.0,600.0,,,,,,,
13,0.5159956444478301,2026-04-22 20:07:36.931424,2026-04-22 20:08:11.140805,0 days 00:00:34.209381,,,COMPLETE,7,RF,9.0,0.6475873015667372,44.0,600.0,,,,,,,
14,0.5138617413886697,2026-04-22 20:08:11.140857,2026-04-22 20:08:42.684385,0 days 00:00:31.543528,,,COMPLETE,7,RF,8.0,0.6229282203516207,42.0,600.0,,,,,,,
15,0.5137283568661967,2026-04-22 20:08:42.684437,2026-04-22 20:09:09.161571,0 days 00:00:26.477134,,,COMPLETE,7,RF,6.0,0.7047711902655065,43.0,550.0,,,,,,,
16,0.5158002249089008,2026-04-22 20:09:09.161626,2026-04-22 20:09:47.496679,0 days 00:00:38.335053,,,COMPLETE,7,RF,9.0,0.7980082658737176,28.0,550.0,,,,,,,
17,0.5153490028910865,2026-04-22 20:09:47.496735,2026-04-22 20:10:11.768001,0 days 00:00:24.271266,,,COMPLETE,7,RF,7.0,0.5728475646763551,43.0,500.0,,,,,,,
18,0.5168579906390874,2026-04-22 20:10:11.768057,2026-04-22 20:10:47.562050,0 days 00:00:35.793993,,,COMPLETE,7,RF,9.0,0.6810247068330829,38.0,600.0,,,,,,,
19,0.5164072721558349,2026-04-22 20:10:47.562104,2026-04-22 20:11:24.562504,0 days 00:00:37.000400,,,COMPLETE,7,RF,11.0,0.7398069633632562,35.0,500.0,,,,,,,
0,0.5170278915416485,2026-04-22 20:11:40.322671,2026-04-22 20:11:52.956933,0 days 00:00:12.634262,,,COMPLETE,7,LGBM,,,,300.0,0.6545980821176709,0.6046065241548528,0.2904180608409973,4.330880728874676,0.03968793330444373,47.0,61.0
1,0.5180708274561341,2026-04-22 20:11:52.956990,2026-04-22 20:12:06.599018,0 days 00:00:13.642028,,,COMPLETE,7,LGBM,,,,400.0,0.6743186887373966,0.8413549242801477,0.9091248360355031,0.9170225492671691,0.09330606024425668,11.0,49.0
2,0.5179794790604698,2026-04-22 20:12:06.599078,2026-04-22 20:12:17.177332,0 days 00:00:10.578254,,,COMPLETE,7,LGBM,,,,250.0,0.6488228512282146,0.7641485131528328,1.4607232426760908,1.8318092164684585,0.019553708662745254,32.0,40.0
3,0.5168699039201132,2026-04-22 20:12:17.177387,2026-04-22 20:12:30.501406,0 days 00:00:13.324019,,,COMPLETE,7,LGBM,,,,350.0,0.6162576444519992,0.7573450991017149,3.0377242595071916,0.8526206184364576,0.032676417657817626,20.0,53.0
4,0.5181335629637818,2026-04-22 20:12:30.501461,2026-04-22 20:12:39.359894,0 days 00:00:08.858433,,,COMPLETE,7,LGBM,,,,100.0,0.6341852399022343,0.6566148192106798,3.4211651325607844,2.2007624686980067,0.06432759992849894,59.0,61.0
5,0.5182096536438738,2026-04-22 20:12:39.359958,2026-04-22 20:12:48.162001,0 days 00:00:08.802043,,,COMPLETE,7,LGBM,,,,150.0,0.8318827995238937,0.640572993560006,1.5585553804470549,2.600340105889054,0.08115595675970502,11.0,39.0
6,0.5209662524552089,2026-04-22 20:12:48.162061,2026-04-22 20:12:59.114837,0 days 00:00:10.952776,,,COMPLETE,7,LGBM,,,,400.0,0.913189572649677,0.8788246295474662,2.9894998940554256,4.609371175115584,0.05958443469672518,59.0,24.0
7,0.5101035238588773,2026-04-22 20:12:59.114896,2026-04-22 20:13:06.660115,0 days 00:00:07.545219,,,COMPLETE,7,LGBM,,,,100.0,0.6949721611208636,0.6860370513913188,4.143687545759647,1.7837666334679465,0.0211509720216856,12.0,24.0
8,0.520242545739608,2026-04-22 20:13:06.660254,2026-04-22 20:13:17.436659,0 days 00:00:10.776405,,,COMPLETE,7,LGBM,,,,250.0,0.945410427810181,0.5760927252879199,3.861223846483287,0.993578407670862,0.0634157277549528,17.0,41.0
9,0.5161347928205594,2026-04-22 20:13:17.436713,2026-04-22 20:13:26.033331,0 days 00:00:08.596618,,,COMPLETE,7,LGBM,,,,100.0,0.6259156281069316,0.8199446213400811,1.7923286427213632,0.5793452976256486,0.05358055009231865,46.0,54.0
10,0.5177428056142411,2026-04-22 20:13:26.033387,2026-04-22 20:13:37.421503,0 days 00:00:11.388116,,,COMPLETE,7,LGBM,,,,550.0,0.9176826783488812,0.8943559756511681,4.7988537297270994,4.883839283223654,0.010422259339479684,59.0,15.0
11,0.517554359176921,2026-04-22 20:13:37.421565,2026-04-22 20:13:50.153235,0 days 00:00:12.731670,,,COMPLETE,7,LGBM,,,,500.0,0.9471362803891654,0.5751118681055046,2.6552697082533414,3.6989781966451307,0.04979157893318768,28.0,28.0
12,0.5173071065925509,2026-04-22 20:13:50.153286,2026-04-22 20:14:03.587881,0 days 00:00:13.434595,,,COMPLETE,7,LGBM,,,,450.0,0.8699261672917864,0.7187032989262224,3.855094964774718,3.2634060011249044,0.06837541531566343,43.0,39.0
13,0.5214969379922292,2026-04-22 20:14:03.587938,2026-04-22 20:14:13.304299,0 days 00:00:09.716361,,,COMPLETE,7,LGBM,,,,250.0,0.7686639761963561,0.8936052568357556,4.996812193207756,0.02616525959119631,0.09908696623768992,22.0,28.0
14,0.5174539495454817,2026-04-22 20:14:13.304353,2026-04-22 20:14:22.266214,0 days 00:00:08.961861,,,COMPLETE,7,LGBM,,,,200.0,0.7807698608647244,0.8953035062821277,4.961875245761822,0.01563222820048158,0.09975894362733669,25.0,27.0
15,0.5199141016438856,2026-04-22 20:14:22.266278,2026-04-22 20:14:34.326005,0 days 00:00:12.059727,,,COMPLETE,7,LGBM,,,,600.0,0.734732185642059,0.8371652886153421,4.397098643729707,3.3709793090280824,0.04261283013688084,38.0,18.0
16,0.5170605455044599,2026-04-22 20:14:34.326058,2026-04-22 20:14:45.373133,0 days 00:00:11.047075,,,COMPLETE,7,LGBM,,,,350.0,0.8038788087854117,0.7869898407746242,2.5005286287042825,4.138936297287702,0.07357522246119172,53.0,32.0
17,0.5168433234417154,2026-04-22 20:14:45.373194,2026-04-22 20:14:56.519916,0 days 00:00:11.146722,,,COMPLETE,7,LGBM,,,,450.0,0.7360692181752352,0.8635672005901233,3.3326781965385943,4.8547489740469745,0.02973756908947272,38.0,21.0
18,0.517631717589757,2026-04-22 20:14:56.519966,2026-04-22 20:15:07.547564,0 days 00:00:11.027598,,,COMPLETE,7,LGBM,,,,300.0,0.8658690970327837,0.7892473959354279,2.0398540530330544,2.8757013513114984,0.0527263452027894,23.0,35.0
19,0.517257363169464,2026-04-22 20:15:07.547619,2026-04-22 20:15:19.231617,0 days 00:00:11.683998,,,COMPLETE,7,LGBM,,,,400.0,0.7424629018031941,0.8676602044018836,0.9799319399192266,1.511453305596445,0.0817013097105094,33.0,31.0
20,0.5133992064612605,2026-04-22 20:15:19.231680,2026-04-22 20:15:28.223153,0 days 00:00:08.991473,,,COMPLETE,7,LGBM,,,,200.0,0.8817869320282246,0.8158191102193318,3.0187923578856197,0.12430937408025167,0.011501504747675235,52.0,23.0
21,0.5132044017664993,2026-04-22 20:15:28.223212,2026-04-22 20:15:39.310977,0 days 00:00:11.087765,,,COMPLETE,7,LGBM,,,,250.0,0.9117514720178103,0.7216835733232116,4.067001379856431,1.2003924643686865,0.06081552708980138,15.0,46.0
22,0.5196840736065328,2026-04-22 20:15:39.311038,2026-04-22 20:15:49.844290,0 days 00:00:10.533252,,,COMPLETE,7,LGBM,,,,300.0,0.808965636263804,0.5649981955353285,3.650191262547208,0.39797822001136407,0.08591269379280299,19.0,34.0
23,0.5173768619528413,2026-04-22 20:15:49.844340,2026-04-22 20:15:59.775115,0 days 00:00:09.930775,,,COMPLETE,7,LGBM,,,,200.0,0.9393617023387886,0.6159801040755608,4.524863994850463,1.2453451605515011,0.04091990870346859,17.0,44.0
24,0.5188133996812928,2026-04-22 20:15:59.775167,2026-04-22 20:16:09.175075,0 days 00:00:09.399908,,,COMPLETE,7,LGBM,,,,250.0,0.9111068917515778,0.6822315397576583,4.505746513728619,0.5769911686340821,0.09941910026292733,26.0,27.0
